Security,UMG NA Equity,,,,,
Start Date,9/21/2021 0:00,,,,,
End Date,3/26/2025 0:00,,,,,
Period,D,,,,,
Currency,USD,,,,,
,,,,,,
Date,PX_LAST,Change,% Change,PX_BID,Change,% Change
3/26/2025,27.65635,-0.16859,-0.605895287,27.64557,-0.15775,-0.567378284
3/25/2025,27.82494,0.19687,0.712572395,27.80332,0.17525,0.634318648
3/24/2025,27.62807,0.06189,0.224514242,27.62807,0.07271,0.263868808
3/21/2025,27.56618,-0.07773,-0.281183089,27.55536,-0.0777,-0.281184928
3/20/2025,27.64391,-0.2159,-0.774951444,27.63306,-0.22675,-0.813896434
3/19/2025,27.85981,-0.04079,-0.146197573,27.85981,-0.02984,-0.106993096
3/18/2025,27.9006,-0.30118,-1.067946775,27.88965,-0.30121,-1.068466872
3/17/2025,28.20178,0.49621,1.791011699,28.19086,0.49617,1.791570875
3/14/2025,27.70557,-2.57988,-8.518546034,27.69469,-2.59076,-8.554470876
3/13/2025,30.28545,0.36755,1.22852874,30.28545,0.37846,1.265456671
3/12/2025,29.9179,0.3961,1.341720356,29.90699,0.39612,1.342285063
3/11/2025,29.5218,0.12918,0.439498078,29.51087,0.12908,0.439319728
3/10/2025,29.39262,-0.5449,-1.820124045,29.38179,-0.54489,-1.820749913
3/7/2025,29.93752,1.88691,6.726805585,29.92668,1.88687,6.729253872
3/6/2025,28.05061,0.20374,0.731644167,28.03981,0.19294,0.692860634
3/5/2025,27.84687,0.36388,1.324018966,27.84687,0.36388,1.324018966
3/4/2025,27.48299,-0.51749,-1.848146889,27.48299,-0.51749,-1.848146889
3/3/2025,28.00048,0.08453,0.302801803,28.00048,0.08453,0.302801803
2/28/2025,27.91595,-0.46394,-1.634749113,27.91595,-0.46394,-1.634749113
2/27/2025,28.37989,-0.45487,-1.57750576,28.37989,-0.45487,-1.57750576
2/26/2025,28.83476,-0.3713,-1.271311502,28.83476,-0.3713,-1.271311502
2/25/2025,29.20606,-0.3278,-1.109912487,29.20606,-0.31733,-1.074842693
2/24/2025,29.53386,0.21653,0.738573397,29.52339,0.20606,0.702860731
2/21/2025,29.31733,-0.2092,-0.708515359,29.31733,-0.2092,-0.708515359
2/20/2025,29.52653,0.17033,0.580218148,29.52653,0.18074,0.615897544
2/19/2025,29.3562,-0.74917,-2.488492917,29.34579,-0.75958,-2.523071465
2/18/2025,30.10537,-0.01229,-0.040806623,30.10537,-0.00181,-0.006011855
2/17/2025,30.11766,-0.23706,-0.78096586,30.10718,-0.21602,-0.712391832
2/14/2025,30.35472,0.49466,1.656594126,30.3232,0.47356,1.586484795
2/13/2025,29.86006,0.20852,0.703234975,29.84964,0.1981,0.668093462
2/12/2025,29.65154,0.82758,2.871153027,29.65154,0.82758,2.871153027
2/11/2025,28.82396,0.29066,1.018669414,28.82396,0.30097,1.055183906
2/10/2025,28.5333,0.68454,2.458062765,28.52299,0.68456,2.459046721
2/7/2025,27.84876,0.46896,1.712795565,27.83843,0.45863,1.67506702
2/6/2025,27.3798,-0.74378,-2.644684638,27.3798,-0.74378,-2.644684638
2/5/2025,28.12358,0.00191,0.006791915,28.12358,0.01229,0.043719089
2/4/2025,28.12167,0.28343,1.018131893,28.11129,0.27305,0.980845053
2/3/2025,27.83824,-0.23324,-0.830878885,27.83824,-0.23324,-0.830878885
1/31/2025,28.07148,-0.08567,-0.304256645,28.07148,-0.07525,-0.267348996
1/30/2025,28.15715,0.86455,3.167708463,28.14673,0.85413,3.129529616
1/29/2025,27.2926,0.1798,0.66315541,27.2926,0.19023,0.701894336
1/28/2025,27.1128,-0.1586,-0.581561636,27.10237,-0.15854,-0.581565326
1/27/2025,27.2714,1.81376,7.124619564,27.26091,1.81378,7.12764072
1/24/2025,25.45764,-0.01664,-0.065320786,25.44713,-0.02715,-0.106578086
1/23/2025,25.47428,-0.02654,-0.104075085,25.47428,-0.01612,-0.063239494
1/22/2025,25.50082,-0.20779,-0.808250621,25.4904,-0.20779,-0.808578347
1/21/2025,25.70861,0.05519,0.215137007,25.69819,0.04477,0.174518641
1/20/2025,25.65342,0.31075,1.22619282,25.65342,0.31075,1.22619282
1/17/2025,25.34267,0.1974,0.785038299,25.34267,0.20769,0.826298648
1/16/2025,25.14527,0.26344,1.058764568,25.13498,0.25315,1.017409089
1/15/2025,24.88183,0.26265,1.06685113,24.88183,0.26265,1.06685113
1/14/2025,24.61918,0.03467,0.141023758,24.61918,0.04489,0.182670588
1/13/2025,24.58451,-0.16741,-0.676351572,24.57429,-0.16738,-0.676510518
1/10/2025,24.75192,-0.25949,-1.037486491,24.74167,-0.25945,-1.037753509
1/9/2025,25.01141,0.0812,0.32570925,25.00112,0.07091,0.284434026
1/8/2025,24.93021,-0.27197,-1.079152676,24.93021,-0.27197,-1.079152676
1/7/2025,25.20218,0.04244,0.168682188,25.20218,0.05283,0.210065071
1/6/2025,25.15974,0.53722,2.181823794,25.14935,0.52683,2.139626651
1/3/2025,24.62252,-0.34196,-1.369786192,24.62252,-0.34196,-1.369786192
1/2/2025,24.96448,-0.61825,-2.41666937,24.96448,-0.6079,-2.377174123
12/31/2024,25.58273,0.20058,0.790240385,25.57238,0.20063,0.790761378
12/30/2024,25.38215,-0.35772,-1.389750609,25.37175,-0.3577,-1.390235703
12/27/2024,25.73987,0.22449,0.879822288,25.72945,0.21407,0.838984173
12/24/2024,25.51538,0.02988,0.117243138,25.51538,0.02988,0.117243138
12/23/2024,25.4855,0.07003,0.275540842,25.4855,0.07003,0.275540842
12/20/2024,25.41547,0.30834,1.228097357,25.41547,0.30834,1.228097357
12/19/2024,25.10713,-1.00705,-3.856333992,25.10713,-1.00705,-3.856333992
12/18/2024,26.11418,-0.03082,-0.117881048,26.11418,-0.02032,-0.077751631
12/17/2024,26.145,0.48765,1.900624967,26.1345,0.49817,1.943218862
12/16/2024,25.65735,-0.01587,-0.061815386,25.63633,-0.02639,-0.102833994
12/13/2024,25.67322,0.18729,0.734876067,25.66272,0.2293,0.901569667
12/12/2024,25.48593,0.06302,0.24788665,25.43342,0.04197,0.16529186
12/11/2024,25.42291,0.68237,2.758104714,25.39145,0.66142,2.674562061
12/10/2024,24.74054,-0.10248,-0.412510234,24.73003,-0.10242,-0.412444201
12/9/2024,24.84302,0.17478,0.708522375,24.83245,0.16421,0.665673757
12/6/2024,24.66824,-0.00804,-0.032581896,24.66824,0.00253,0.010257155
12/5/2024,24.67628,0.29366,1.204382466,24.66571,0.29363,1.204780224
12/4/2024,24.38262,-0.13942,-0.568549762,24.37208,-0.14996,-0.611531504
12/3/2024,24.52204,0.2633,1.085382011,24.52204,0.27378,1.129070704
12/2/2024,24.25874,0.15313,0.635246318,24.24826,0.15322,0.635898509
11/29/2024,24.10561,0.27694,1.162213418,24.09504,0.26637,1.117855088
11/28/2024,23.82867,-0.11539,-0.48191493,23.82867,-0.09424,-0.393932009
11/27/2024,23.94406,0.38656,1.64092115,23.92291,0.37588,1.596294734
11/26/2024,23.5575,-0.036,-0.152584398,23.54703,-0.03598,-0.152567463
11/25/2024,23.5935,0.0674,0.286490324,23.58301,0.05691,0.241901548
11/22/2024,23.5261,0.50494,2.193373401,23.5261,0.50494,2.193373401
11/21/2024,23.02116,-0.6969,-2.938267295,23.02116,-0.6969,-2.938267295
11/20/2024,23.71806,-0.15042,-0.630203515,23.71806,-0.15042,-0.630203515
11/19/2024,23.86848,-0.13073,-0.544726264,23.86848,-0.13073,-0.544726264
11/18/2024,23.99921,-0.36898,-1.514187143,23.99921,-0.36898,-1.514187143
11/15/2024,24.36819,-0.4877,-1.962110389,24.36819,-0.4877,-1.962110389
11/14/2024,24.85589,0.50491,2.073468912,24.85589,0.51548,2.117795058
11/13/2024,24.35098,-0.10876,-0.444649044,24.34041,-0.10873,-0.444719119
11/12/2024,24.45974,-0.45892,-1.841672064,24.44914,-0.46952,-1.884210467
11/11/2024,24.91866,-0.47238,-1.860420054,24.91866,-0.46167,-1.819007081
11/8/2024,25.39104,0.26941,1.07242245,25.38033,0.26951,1.073282354
11/7/2024,25.12163,0.37444,1.513060675,25.11082,0.36363,1.469378948
11/6/2024,24.74719,-0.56669,-2.238653261,24.74719,-0.55576,-2.196423737
11/5/2024,25.31388,0.29096,1.162773969,25.30295,0.28003,1.119094015
11/4/2024,25.02292,-0.3875,-1.524964955,25.02292,-0.37666,-1.482937907
11/1/2024,25.41042,0.34092,1.359899479,25.39958,0.39526,1.580766843
10/31/2024,25.0695,-0.36781,-1.445946918,25.00432,-0.43299,-1.702184704
10/30/2024,25.43731,-0.08646,-0.338743062,25.43731,-0.08646,-0.338743062
10/29/2024,25.52377,-0.27843,-1.079094031,25.52377,-0.27843,-1.079094031
10/28/2024,25.8022,0.29159,1.143014612,25.8022,0.3024,1.185891654
10/25/2024,25.51061,0.148,0.583536158,25.4998,0.13719,0.540914362
10/24/2024,25.36261,0.00297,0.011711523,25.36261,0.00297,0.011711523
10/23/2024,25.35964,-0.19047,-0.745476243,25.35964,-0.17966,-0.703464856
10/22/2024,25.55011,-0.25321,-0.981307832,25.5393,-0.26402,-1.023201666
10/21/2024,25.80332,-0.35355,-1.351652549,25.80332,-0.35355,-1.351652549
10/18/2024,26.15687,0.06862,0.263030291,26.15687,0.09027,0.346305234
10/17/2024,26.08825,0.01592,0.061060902,26.0666,-0.00573,-0.021977322
10/16/2024,26.07233,-0.27058,-1.027145444,26.07233,-0.20524,-0.781046345
10/15/2024,26.34291,0.58148,2.257172836,26.27757,0.51614,2.003537847
10/14/2024,25.76143,-0.16728,-0.645153577,25.76143,-0.16728,-0.645153577
10/11/2024,25.92871,0.37595,1.47126964,25.92871,0.37595,1.47126964
10/10/2024,25.55276,-0.36884,-1.422905993,25.55276,-0.36884,-1.422905993
10/9/2024,25.9216,-0.12445,-0.477807575,25.9216,-0.12445,-0.477807575
10/8/2024,26.04605,0.32152,1.249857626,26.04605,0.32152,1.249857626
10/7/2024,25.72453,0.11101,0.433403921,25.72453,0.11101,0.433403921
10/4/2024,25.61352,-0.26286,-1.01582988,25.61352,-0.26286,-1.01582988
10/3/2024,25.87638,-0.27187,-1.039725412,25.87638,-0.26082,-0.997888068
10/2/2024,26.14825,0.11608,0.445909811,26.1372,0.13819,0.531520239
10/1/2024,26.03217,-0.16563,-0.63222866,25.99901,-0.18764,-0.716548318
9/30/2024,26.1978,-0.41087,-1.54412077,26.18665,-0.41087,-1.544768084
9/27/2024,26.60867,0.36152,1.37736859,26.59752,0.36154,1.378031238
9/26/2024,26.24715,0.25806,0.992955121,26.23598,0.24689,0.949975547
9/25/2024,25.98909,0.16716,0.647356724,25.98909,0.16716,0.647356724
9/24/2024,25.82193,0.67943,2.702316794,25.82193,0.69055,2.747759972
9/23/2024,25.1425,-0.27835,-1.09496732,25.13138,-0.28947,-1.13871094
9/20/2024,25.42085,-0.31604,-1.227964995,25.42085,-0.31604,-1.227964995
9/19/2024,25.73689,0.2963,1.164674247,25.73689,0.2963,1.164674247
9/18/2024,25.44059,-0.2999,-1.165090486,25.44059,-0.2999,-1.165090486
9/17/2024,25.74049,-0.29024,-1.11498986,25.74049,-0.27911,-1.072691356
9/16/2024,26.03073,-0.12751,-0.487456343,26.0196,-0.11647,-0.445629354
9/13/2024,26.15824,0.15596,0.599793557,26.13607,0.14483,0.557226204
9/12/2024,26.00228,0.29094,1.13156296,25.99124,0.31294,1.218694384
9/11/2024,25.71134,0.28308,1.113249589,25.6783,0.25004,0.983315414
9/10/2024,25.42826,-0.4485,-1.733215441,25.42826,-0.43745,-1.69123523
9/9/2024,25.87676,0.4772,1.878772703,25.86571,0.46615,1.835268013
9/6/2024,25.39956,-0.33256,-1.292392543,25.39956,-0.33256,-1.292392543
9/5/2024,25.73212,-0.12919,-0.499549327,25.73212,-0.1181,-0.45686265
9/4/2024,25.86131,-0.19073,-0.732111574,25.85022,-0.20182,-0.774680217
9/3/2024,26.05204,-0.11905,-0.454891256,26.05204,-0.11905,-0.454891256
9/2/2024,26.17109,0.05994,0.229557105,26.17109,0.07099,0.271991295
8/30/2024,26.11115,-0.50781,-1.907700376,26.1001,-0.51886,-1.949212141
8/29/2024,26.61896,0.6432,2.476154692,26.61896,0.65432,2.520042643
8/28/2024,25.97576,-0.15268,-0.584344109,25.96464,-0.1638,-0.626903099
8/27/2024,26.12844,0.0665,0.255161358,26.12844,0.07767,0.298148577
8/26/2024,26.06194,-0.02935,-0.112489647,26.05077,-0.04052,-0.155300869
8/23/2024,26.09129,0.42719,1.664543078,26.09129,0.4383,1.708572763
8/22/2024,25.6641,0.30695,1.210506701,25.65299,0.29584,1.166692629
8/21/2024,25.35715,0.23725,0.94447032,25.35715,0.24837,0.989175898
8/20/2024,25.1199,0.28092,1.130964315,25.10878,0.28087,1.131267191
8/19/2024,24.83898,0.24504,0.996343002,24.82791,0.24497,0.99650408
8/16/2024,24.59394,0.22278,0.914113239,24.58294,0.22276,0.914443161
8/15/2024,24.37116,-0.03371,-0.138128169,24.36018,-0.03367,-0.138026593
8/14/2024,24.40487,0.14578,0.600929384,24.39385,0.14573,0.600995046
8/13/2024,24.25909,0.06464,0.26716871,24.24812,0.0646,0.267124058
8/12/2024,24.19445,0.00886,0.036633384,24.18352,0.00885,0.036608566
8/9/2024,24.18559,-0.17421,-0.715153655,24.17467,-0.17422,-0.715515163
8/8/2024,24.3598,-0.47683,-1.91986594,24.34889,-0.48774,-1.963792994
8/7/2024,24.83663,1.51628,6.501960734,24.83663,1.51628,6.501960734
8/6/2024,23.32035,-0.17789,-0.757035421,23.32035,-0.16693,-0.710725124
8/5/2024,23.49824,0.10291,0.439874112,23.48728,0.11378,0.486790596
8/2/2024,23.39533,0.17307,0.7452763,23.3735,0.16203,0.698060054
8/1/2024,23.22226,-0.54673,-2.300181876,23.21147,-0.55752,-2.345577157
7/31/2024,23.76899,0.74598,3.240149746,23.76899,0.74598,3.240149746
7/30/2024,23.02301,0.16695,0.730440855,23.02301,0.17777,0.778148971
7/29/2024,22.85606,-0.32985,-1.422631245,22.84524,-0.34067,-1.469297517
7/26/2024,23.18591,-0.38463,-1.631825151,23.18591,-0.37377,-1.58648165
7/25/2024,23.57054,-7.2246,-23.46019534,23.55968,-7.23546,-23.49546065
7/24/2024,30.79514,0.16797,0.548434609,30.79514,0.17883,0.584100435
7/23/2024,30.62717,-0.09312,-0.303122138,30.61631,-0.10398,-0.338473367
7/22/2024,30.72029,0.12255,0.400519777,30.72029,0.13344,0.436265912
7/19/2024,30.59774,-0.03256,-0.106299971,30.58685,-0.02161,-0.070601396
7/18/2024,30.6303,0.58373,1.94275087,30.60846,0.56189,1.870063704
7/17/2024,30.04657,-0.03974,-0.132086653,30.04657,-0.03974,-0.132086653
7/16/2024,30.08631,-0.06878,-0.22808753,30.08631,-0.05787,-0.191977357
7/15/2024,30.15509,0.27539,0.921662533,30.14418,0.26448,0.885149449
7/12/2024,29.8797,0.28886,0.976180467,29.8797,0.28886,0.976180467
7/11/2024,29.59084,-0.02101,-0.070951325,29.59084,-0.02101,-0.070951325
7/10/2024,29.61185,-0.46157,-1.534810474,29.61185,-0.45076,-1.499404077
7/9/2024,30.07342,0.16627,0.555954011,30.06261,0.15546,0.519808808
7/8/2024,29.90715,-0.43813,-1.443815974,29.90715,-0.41648,-1.373450342
7/5/2024,30.34528,0.13655,0.452021651,30.32363,0.1149,0.380353626
7/4/2024,30.20873,0.54132,1.824628439,30.20873,0.54132,1.824628439
7/3/2024,29.66741,-0.23194,-0.775735927,29.66741,-0.21048,-0.704467417
7/2/2024,29.89935,0.46422,1.577095124,29.87789,0.44276,1.504189042
7/1/2024,29.43513,-0.33392,-1.121701902,29.43513,-0.33392,-1.121701902
6/28/2024,29.76905,-0.62812,-2.066376574,29.76905,-0.57459,-1.893609336
6/27/2024,30.39717,0.25257,0.837861508,30.34364,0.20972,0.695959902
6/26/2024,30.1446,0.02073,0.068815859,30.13392,0.01005,0.033362247
6/25/2024,30.12387,0.10693,0.356232181,30.12387,0.10693,0.356232181
6/24/2024,30.01694,0.36802,1.241259378,30.01694,0.37872,1.277809531
6/21/2024,29.64892,-0.44846,-1.490030029,29.63822,-0.44845,-1.4905272
6/20/2024,30.09738,0.11325,0.377699803,30.08667,0.10254,0.341980908
6/19/2024,29.98413,-0.25689,-0.849475315,29.98413,-0.25689,-0.849475315
6/18/2024,30.24102,-0.20726,-0.680695264,30.24102,-0.20726,-0.680695264
6/17/2024,30.44828,-0.18868,-0.615857448,30.44828,-0.14588,-0.476823028
6/14/2024,30.63696,-0.30131,-0.973907074,30.59416,-0.34411,-1.112247065
6/13/2024,30.93827,-0.24907,-0.79862534,30.93827,-0.24907,-0.79862534
6/12/2024,31.18734,0.909,3.002146089,31.18734,0.91974,3.038694842
6/11/2024,30.27834,-0.10171,-0.334792076,30.2676,-0.11245,-0.370144223
6/10/2024,30.38005,-0.12247,-0.40150781,30.38005,-0.11166,-0.366197894
6/7/2024,30.50252,-0.66353,-2.129015387,30.49171,-0.67434,-2.163700565
6/6/2024,31.16605,0.24711,0.799218861,31.16605,0.24711,0.799218861
6/5/2024,30.91894,-0.02378,-0.076851679,30.91894,-0.0129,-0.0417046
6/4/2024,30.94272,-0.35166,-1.123716143,30.93184,-0.36254,-1.158482769
6/3/2024,31.29438,0.29365,0.947235759,31.29438,0.32619,1.053306635
5/31/2024,31.00073,0.59453,1.955292013,30.96819,0.56199,1.848274365
5/30/2024,30.4062,0.1863,0.616481193,30.4062,0.19711,0.652485725
5/29/2024,30.2199,-0.59985,-1.946316891,30.20909,-0.59978,-1.946777016
5/28/2024,30.81975,-0.63081,-2.005719453,30.80887,-0.64169,-2.040313432
5/27/2024,31.45056,0.17866,0.571311625,31.45056,0.18951,0.606217641
5/24/2024,31.2719,0.24588,0.792496105,31.26105,0.24584,0.792643351
5/23/2024,31.02602,-0.40784,-1.297454401,31.01521,-0.4078,-1.297775102
5/22/2024,31.43386,0.76046,2.47921652,31.42301,0.74961,2.443843852
5/21/2024,30.6734,-0.3599,-1.159721976,30.6734,-0.34903,-1.125089169
5/20/2024,31.0333,-0.20421,-0.653733284,31.02243,-0.20421,-0.653960849
5/17/2024,31.23751,0.61914,2.022119401,31.22664,0.61915,2.022870872
5/16/2024,30.61837,-0.1059,-0.344678653,30.60749,-0.10591,-0.3448332
5/15/2024,30.72427,0.28523,0.937053205,30.7134,0.27436,0.901342486
5/14/2024,30.43904,0.03234,0.106358138,30.43904,0.04314,0.141927036
5/13/2024,30.4067,0.22312,0.739209862,30.3959,0.21232,0.703428818
5/10/2024,30.18358,-0.91596,-2.945252566,30.18358,-0.91596,-2.945252566
5/9/2024,31.09954,-0.51519,-1.629588486,31.09954,-0.50445,-1.596159219
5/8/2024,31.61473,0.13402,0.425721021,31.60399,0.12328,0.391604891
5/7/2024,31.48071,0.06373,0.202852088,31.48071,0.08527,0.271599952
5/6/2024,31.41698,0.28749,0.923529425,31.39544,0.27672,0.88923966
5/3/2024,31.12949,1.21834,4.073196784,31.11872,1.21829,4.074489899
5/2/2024,29.91115,0.33032,1.11666914,29.90043,0.33028,1.116937182
4/30/2024,29.58083,-0.02293,-0.077456377,29.57015,-0.02288,-0.077315503
4/29/2024,29.60376,0.10695,0.362581581,29.59303,0.09622,0.326204766
4/26/2024,29.49681,0.54457,1.880925276,29.49681,0.54457,1.880925276
4/25/2024,28.95224,0.02239,0.07739411,28.95224,0.03308,0.114387831
4/24/2024,28.92985,-0.37745,-1.287904379,28.91916,-0.38814,-1.324379933
4/23/2024,29.3073,0.56565,1.968049851,29.3073,0.60824,2.119372551
4/22/2024,28.74165,0.21024,0.7368721,28.69906,0.18896,0.662782663
4/19/2024,28.53141,-0.06124,-0.214180917,28.5101,-0.0719,-0.251556924
4/18/2024,28.59265,-0.0452,-0.157833078,28.582,-0.0452,-0.157891795
4/17/2024,28.63785,0.16285,0.57190518,28.6272,0.16282,0.572013162
4/16/2024,28.475,-0.3911,-1.354876481,28.46438,-0.39109,-1.355340946
4/15/2024,28.8661,0.09013,0.313212726,28.85547,0.09014,0.313363344
4/12/2024,28.77597,-0.91289,-3.074857034,28.76533,-0.91281,-3.07569814
4/11/2024,29.68886,0.13265,0.448805852,29.67814,0.13267,0.449036688
4/10/2024,29.55621,0.09574,0.324977843,29.54547,0.085,0.288522213
4/9/2024,29.46047,-0.23598,-0.794640437,29.46047,-0.23598,-0.794640437
4/8/2024,29.69645,-0.20007,-0.669208323,29.69645,-0.18924,-0.633212752
4/5/2024,29.89652,-0.25892,-0.858617881,29.88569,-0.25889,-0.85882769
4/4/2024,30.15544,-0.71291,-2.309517677,30.14458,-0.72377,-2.344699344
4/3/2024,30.86835,1.78398,6.133810015,30.86835,1.79475,6.173126135
4/2/2024,29.08437,-1.01488,-3.371778367,29.0736,-1.01485,-3.372888932
3/28/2024,30.09925,0.69321,2.357372839,30.08845,0.68241,2.32064569
3/27/2024,29.40604,0.27065,0.928938998,29.40604,0.27065,0.928938998
3/26/2024,29.13539,-0.04865,-0.166700704,29.13539,-0.04865,-0.166700704
3/25/2024,29.18404,-0.50004,-1.684539322,29.18404,-0.50004,-1.684539322
3/22/2024,29.68408,0.18289,0.619941094,29.68408,0.18289,0.619941094
3/21/2024,29.50119,-0.17926,-0.603966584,29.50119,-0.15753,-0.531142275
3/20/2024,29.68045,0.45629,1.561345134,29.65872,0.43456,1.486988848
3/19/2024,29.22416,0.25828,0.891669785,29.22416,0.25828,0.891669785
3/18/2024,28.96588,-0.76921,-2.586876313,28.96588,-0.75832,-2.551187248
3/15/2024,29.73509,-0.19327,-0.645775445,29.7242,-0.19328,-0.646043718
3/14/2024,29.92836,0.42116,1.427312656,29.91748,0.42124,1.428114227
3/13/2024,29.5072,0.22244,0.759575971,29.49624,0.2224,0.759722674
3/12/2024,29.28476,0.22426,0.771700418,29.27384,0.21334,0.734123639
3/11/2024,29.0605,-0.21226,-0.725110991,29.0605,-0.20133,-0.688029423
3/8/2024,29.27276,-0.25714,-0.870778431,29.26183,-0.26807,-0.907791764
3/7/2024,29.5299,-0.07993,-0.269944137,29.5299,-0.05813,-0.196464584
3/6/2024,29.60983,0.02719,0.091912013,29.58803,0.00539,0.018220145
3/5/2024,29.58264,-0.27686,-0.927209096,29.58264,-0.27686,-0.927209096
3/4/2024,29.8595,-0.01003,-0.03357937,29.8595,-0.01003,-0.03357937
3/1/2024,29.86953,-0.23007,-0.764362317,29.86953,-0.23007,-0.764362317
2/29/2024,30.0996,1.31387,4.564310163,30.0996,1.35722,4.722016757
2/28/2024,28.78573,0.18249,0.638004646,28.74238,0.13914,0.486448388
2/27/2024,28.60324,-0.69995,-2.388647789,28.60324,-0.68911,-2.352525489
2/26/2024,29.30319,0.14064,0.482262354,29.29235,0.1298,0.445091393
2/23/2024,29.16255,0.03511,0.120539258,29.16255,0.03511,0.120539258
2/22/2024,29.12744,0.0323,0.111015104,29.12744,0.04311,0.148224147
2/21/2024,29.09514,-0.07564,-0.259300574,29.08433,-0.08645,-0.296358205
2/20/2024,29.17078,0.00015,0.000514216,29.17078,0.00015,0.000514216
2/19/2024,29.17063,0.21014,0.72560927,29.17063,0.22092,0.763116453
2/16/2024,28.96049,0.15062,0.522806941,28.94971,0.13984,0.485389209
2/15/2024,28.80987,-0.43211,-1.477704314,28.80987,-0.42137,-1.441505732
2/14/2024,29.24198,-0.02068,-0.070670267,29.23124,-0.02071,-0.070798699
2/13/2024,29.26266,-0.37706,-1.272144271,29.25195,-0.35542,-1.200444349
2/12/2024,29.63972,0.07529,0.254664135,29.60737,0.04294,0.145242103
2/9/2024,29.56443,0.19723,0.671599608,29.56443,0.19723,0.671599608
2/8/2024,29.3672,-0.04278,-0.145460827,29.3672,-0.02125,-0.072307318
2/7/2024,29.40998,0.08125,0.277032112,29.38845,0.07047,0.240364445
2/6/2024,29.32873,0.44082,1.525967091,29.31798,0.43007,1.488754292
2/5/2024,28.88791,-0.31516,-1.079201604,28.88791,-0.31516,-1.079201604
2/2/2024,29.20307,-0.43673,-1.473457986,29.20307,-0.42586,-1.437311439
2/1/2024,29.6398,-0.05665,-0.190763542,29.62893,-0.06752,-0.227367244
1/31/2024,29.69645,-0.39261,-1.304826405,29.69645,-0.38178,-1.269290114
1/30/2024,30.08906,0.35606,1.197524636,30.07823,0.35604,1.197892887
1/29/2024,29.733,-0.4146,-1.375233849,29.72219,-0.42541,-1.411090767
1/26/2024,30.1476,0.01796,0.059609076,30.1476,0.0288,0.095621339
1/25/2024,30.12964,0.1736,0.579515851,30.1188,0.16276,0.543329492
1/24/2024,29.95604,0.40634,1.375107023,29.95604,0.40634,1.375107023
1/23/2024,29.5497,-0.6867,-2.271103703,29.5497,-0.6867,-2.271103703
1/22/2024,30.2364,0.59382,2.003266922,30.2364,0.6156,2.078269324
1/19/2024,29.64258,0.44004,1.506855226,29.6208,0.41826,1.432272672
1/18/2024,29.20254,0.39412,1.368072251,29.20254,0.39412,1.368072251
1/17/2024,28.80842,-0.18493,-0.637835918,28.80842,-0.18493,-0.637835918
1/16/2024,28.99335,-0.47867,-1.624150635,28.99335,-0.45677,-1.550995378
1/15/2024,29.47202,-0.03823,-0.129548208,29.45012,-0.04918,-0.16671582
1/12/2024,29.51025,0.85148,2.971097503,29.4993,0.85148,2.97223314
1/11/2024,28.65877,0.53938,1.918178168,28.64782,0.52843,1.879237067
1/10/2024,28.11939,0.51104,1.851034198,28.11939,0.51104,1.851034198
1/9/2024,27.60835,-0.15503,-0.558397429,27.60835,-0.15503,-0.558397429
1/8/2024,27.76338,0.16851,0.610656981,27.76338,0.16851,0.610656981
1/5/2024,27.59487,0.06657,0.241823869,27.59487,0.06657,0.241823869
1/4/2024,27.5283,0.17354,0.634405127,27.5283,0.17354,0.634405127
1/3/2024,27.35476,-0.38412,-1.384771123,27.35476,-0.37317,-1.345827114
1/2/2024,27.73888,-0.8173,-2.862077491,27.72793,-0.82825,-2.900422956
12/29/2023,28.55618,0.00741,0.025955584,28.55618,0.01848,0.064756445
12/28/2023,28.54877,-0.17987,-0.626099948,28.5377,-0.17983,-0.62620288
12/27/2023,28.72864,0.51666,1.831349661,28.71753,0.50555,1.791969227
12/22/2023,28.21198,-0.055,-0.194573315,28.21198,-0.04401,-0.155754585
12/21/2023,28.26698,-0.26765,-0.937983075,28.25599,-0.27864,-0.97649768
12/20/2023,28.53463,-0.09914,-0.346234534,28.53463,-0.09914,-0.346234534
12/19/2023,28.63377,-0.09594,-0.333940022,28.63377,-0.09594,-0.333940022
12/18/2023,28.72971,0.34189,1.204354544,28.72971,0.36371,1.282204047
12/15/2023,28.38782,0.06095,0.21516673,28.366,0.03913,0.138137394
12/14/2023,28.32687,0.66591,2.407400177,28.32687,0.66591,2.407400177
12/13/2023,27.66096,-0.13972,-0.502577635,27.66096,-0.12893,-0.463945701
12/12/2023,27.80068,0.53241,1.952489102,27.78989,0.52162,1.912919301
12/11/2023,27.26827,0.37827,1.406731127,27.26827,0.37827,1.406731127
12/8/2023,26.89,-0.20988,-0.774468374,26.89,-0.20988,-0.774468374
12/7/2023,27.09988,0.27426,1.022380843,27.09988,0.27426,1.022380843
12/6/2023,26.82562,0.05067,0.189244051,26.82562,0.06146,0.229635453
12/5/2023,26.77495,0.04556,0.170449082,26.76416,0.05642,0.211249623
12/4/2023,26.72939,-0.04033,-0.150655293,26.70774,-0.06198,-0.231530251
12/1/2023,26.76972,0.37236,1.410595605,26.76972,0.38325,1.452448926
11/30/2023,26.39736,-0.15358,-0.578435264,26.38647,-0.1535,-0.578372922
11/29/2023,26.55094,-0.13648,-0.511402001,26.53997,-0.14745,-0.552507511
11/28/2023,26.68742,0.12873,0.484700111,26.68742,0.13967,0.526108616
11/27/2023,26.55869,0.03771,0.142189316,26.54775,0.03771,0.142247994
11/24/2023,26.52098,0.17208,0.653082292,26.51004,0.17205,0.653238915
11/23/2023,26.3489,0.52215,2.021741024,26.33799,0.52212,2.022476872
11/22/2023,25.82675,0.00951,0.036835851,25.81587,-0.00137,-0.005306532
11/21/2023,25.81724,0.04731,0.183586063,25.81724,0.04731,0.183586063
11/20/2023,25.76993,-0.3334,-1.277231679,25.76993,-0.3334,-1.277231679
11/17/2023,26.10333,-0.28647,-1.085533047,26.10333,-0.28647,-1.085533047
11/16/2023,26.3898,0.15568,0.593425661,26.3898,0.17739,0.676740521
11/15/2023,26.23412,-0.11116,-0.421935163,26.21241,-0.13287,-0.504340816
11/14/2023,26.34528,1.26316,5.036097427,26.34528,1.26316,5.036097427
11/13/2023,25.08212,-0.01353,-0.053913726,25.08212,-0.00285,-0.011361385
11/10/2023,25.09565,-0.37155,-1.458935415,25.08497,-0.37152,-1.459431367
11/9/2023,25.4672,0.05712,0.224792681,25.45649,0.05711,0.224848008
11/8/2023,25.41008,0.30845,1.228804663,25.39938,0.29775,1.186177949
11/7/2023,25.10163,-0.00987,-0.039304701,25.10163,-0.00987,-0.039304701
11/6/2023,25.1115,-0.26003,-1.024888921,25.1115,-0.26003,-1.024888921
11/3/2023,25.37153,0.70394,2.85370399,25.37153,0.71457,2.898045826
11/2/2023,24.66759,0.43709,1.803883535,24.65696,0.42646,1.760013206
11/1/2023,24.2305,-0.19775,-0.809513575,24.2305,-0.19775,-0.809513575
10/31/2023,24.42825,-0.30599,-1.237110985,24.42825,-0.29538,-1.194727473
10/30/2023,24.73424,0.06527,0.264583402,24.72363,0.05466,0.221573904
10/27/2023,24.66897,-1.77988,-6.72951754,24.66897,-1.76935,-6.692369258
10/26/2023,26.44885,-0.49625,-1.841707769,26.43832,-0.50678,-1.88078723
10/25/2023,26.9451,0.46701,1.76376015,26.9451,0.4776,1.804477189
10/24/2023,26.47809,0.50881,1.959276499,26.4675,0.49822,1.918497548
10/23/2023,25.96928,0.19322,0.749610297,25.96928,0.19322,0.749610297
10/20/2023,25.77606,-0.34555,-1.32285108,25.77606,-0.33495,-1.282792201
10/19/2023,26.12161,0.1479,0.569421927,26.11101,0.1373,0.528611431
10/18/2023,25.97371,-0.37049,-1.406343711,25.97371,-0.35991,-1.366731957
10/17/2023,26.3442,0.14545,0.555179159,26.33362,0.13487,0.514795553
10/16/2023,26.19875,0.05236,0.200257091,26.19875,0.05236,0.200257091
10/13/2023,26.14639,-0.79576,-2.953587594,26.14639,-0.79576,-2.953587594
10/12/2023,26.94215,0.07462,0.277733011,26.94215,0.07462,0.277733011
10/11/2023,26.86753,-0.04657,-0.17303198,26.86753,-0.04657,-0.17303198
10/10/2023,26.9141,0.62678,2.384343478,26.9141,0.64785,2.466473136
10/9/2023,26.28732,0.11487,0.438896626,26.26625,0.10438,0.398977596
10/6/2023,26.17245,0.1696,0.652236197,26.16187,0.15902,0.61154835
10/5/2023,26.00285,-0.09845,-0.377184278,26.00285,-0.07742,-0.296852755
10/4/2023,26.1013,0.28108,1.088604202,26.08027,0.27052,1.048131036
10/3/2023,25.82022,-0.01419,-0.054926743,25.80975,-0.02466,-0.095454086
10/2/2023,25.83441,-0.32498,-1.242307256,25.83441,-0.31441,-1.202386953
9/29/2023,26.15939,0.50345,1.962313601,26.14882,0.49288,1.921114565
9/28/2023,25.65594,0.52226,2.077928899,25.65594,0.52226,2.077928899
9/27/2023,25.13368,0.03231,0.128718074,25.13368,0.03231,0.128718074
9/26/2023,25.10137,-0.17457,-0.690656806,25.10137,-0.17457,-0.690656806
9/25/2023,25.27594,-0.39436,-1.536250063,25.27594,-0.39436,-1.536250063
9/22/2023,25.6703,0.06393,0.249664439,25.6703,0.07459,0.291416022
9/21/2023,25.60637,-0.59776,-2.281167129,25.59571,-0.60842,-2.321847739
9/20/2023,26.20413,0.1541,0.591554021,26.20413,0.16478,0.632811495
9/19/2023,26.05003,0.37854,1.474554068,26.03935,0.37855,1.47520732
9/18/2023,25.67149,-0.14408,-0.558112798,25.6608,-0.12275,-0.47607874
9/15/2023,25.81557,0.30057,1.178012934,25.78355,0.26855,1.052518127
9/14/2023,25.515,0.24143,0.955266707,25.515,0.24143,0.955266707
9/13/2023,25.27357,0.07452,0.295725434,25.27357,0.07452,0.295725434
9/12/2023,25.19905,-0.52809,-2.052657233,25.19905,-0.52809,-2.052657233
9/11/2023,25.72714,0.54898,2.180381728,25.72714,0.54898,2.180381728
9/8/2023,25.17816,0.33418,1.345114591,25.17816,0.33418,1.345114591
9/7/2023,24.84398,0.12135,0.490845836,24.84398,0.13207,0.534438657
9/6/2023,24.72263,0.38699,1.590219119,24.71191,0.387,1.590961693
9/5/2023,24.33564,-0.16674,-0.680505322,24.32491,-0.16668,-0.680560143
9/4/2023,24.50238,0.06584,0.269432579,24.49159,0.06583,0.26951055
9/1/2023,24.43654,-0.37393,-1.507145975,24.42576,-0.37387,-1.507562814
8/31/2023,24.81047,-0.48322,-1.910436951,24.79963,-0.49406,-1.953293489
8/30/2023,25.29369,0.09153,0.363183156,25.29369,0.10239,0.406449846
8/29/2023,25.20216,0.35457,1.426979437,25.1913,0.35452,1.427399204
8/28/2023,24.84759,0.16793,0.680438872,24.83678,0.15712,0.63663762
8/25/2023,24.67966,-0.07879,-0.318234784,24.67966,-0.06797,-0.274652563
8/24/2023,24.75845,-0.37853,-1.505869042,24.74763,-0.37849,-1.506360711
8/23/2023,25.13698,0.16028,0.641718081,25.12612,0.16027,0.641956913
8/22/2023,24.9767,-0.1197,-0.476960839,24.96585,-0.11965,-0.476968767
8/21/2023,25.0964,0.06675,0.266683713,25.0855,0.06673,0.266719747
8/18/2023,25.02965,-0.29433,-1.162258065,25.01877,-0.29434,-1.162796669
8/17/2023,25.32398,-0.0645,-0.254052232,25.31311,-0.06449,-0.254121745
8/16/2023,25.38848,-0.08321,-0.3266764,25.3776,-0.09409,-0.369390488
8/15/2023,25.47169,-0.26375,-1.024851333,25.47169,-0.26375,-1.024851333
8/14/2023,25.73544,0.16325,0.638388812,25.73544,0.17419,0.681461196
8/11/2023,25.57219,-0.45153,-1.735070928,25.56125,-0.46247,-1.777109499
8/10/2023,26.02372,0.06075,0.233987098,26.02372,0.06075,0.233987098
8/9/2023,25.96297,0.0819,0.316447504,25.96297,0.0819,0.316447504
8/8/2023,25.88107,0.07272,0.281769272,25.88107,0.08372,0.324529457
8/7/2023,25.80835,-0.3643,-1.391911022,25.79735,-0.3753,-1.433939628
8/4/2023,26.17265,0.57081,2.229566312,26.17265,0.58177,2.273348943
8/3/2023,25.60184,-0.0235,-0.0917061,25.59088,-0.02351,-0.091784345
8/2/2023,25.62534,-0.04914,-0.191396281,25.61439,-0.04912,-0.191400163
8/1/2023,25.67448,-0.00485,-0.018886786,25.66351,-0.00481,-0.018739053
7/31/2023,25.67933,0.18722,0.734423318,25.66832,0.17621,0.691233484
7/28/2023,25.49211,-0.93884,-3.552047883,25.49211,-0.92785,-3.511928103
7/27/2023,26.43095,2.28292,9.45385607,26.41996,2.27193,9.408345111
7/26/2023,24.14803,0.34148,1.434395156,24.14803,0.34148,1.434395156
7/25/2023,23.80655,-0.24139,-1.003786603,23.80655,-0.23031,-0.958153436
7/24/2023,24.04794,-0.28025,-1.151955818,24.03686,-0.29133,-1.197499691
7/21/2023,24.32819,0.20023,0.829867092,24.32819,0.20023,0.829867092
7/20/2023,24.12796,-0.15868,-0.653363331,24.12796,-0.15868,-0.653363331
7/19/2023,24.28664,-0.10599,-0.434516491,24.28664,-0.09477,-0.388697782
7/18/2023,24.39263,0.60114,2.526701774,24.38141,0.58992,2.479542055
7/17/2023,23.79149,-0.13634,-0.56979676,23.79149,-0.1251,-0.523067879
7/14/2023,23.92783,0.00302,0.01262288,23.91659,0.00299,0.012503345
7/13/2023,23.92481,0.65893,2.832173122,23.9136,0.64772,2.783990977
7/12/2023,23.26588,0.42365,1.854678812,23.26588,0.42365,1.854678812
7/11/2023,22.84223,0.05104,0.223946183,22.84223,0.06203,0.272297873
7/10/2023,22.79119,0.07915,0.348493574,22.7802,0.06816,0.300105142
7/7/2023,22.71204,0.30279,1.351183105,22.71204,0.31366,1.400369134
7/6/2023,22.40925,-0.01872,-0.083467206,22.39838,-0.01872,-0.083507679
7/5/2023,22.42797,-0.20095,-0.888022937,22.4171,-0.20092,-0.888318252
7/4/2023,22.62892,0.15288,0.680190994,22.61802,0.15289,0.680565837
7/3/2023,22.47604,0.25791,1.160808763,22.46513,0.25792,1.1614246
6/30/2023,22.21813,-0.06742,-0.302527871,22.20721,-0.06747,-0.302899974
6/29/2023,22.28555,0.41991,1.920410288,22.27468,0.41995,1.921551994
6/28/2023,21.86564,0.5723,2.687694838,21.85473,0.56687,2.662879218
6/27/2023,21.29334,0.22806,1.082634553,21.28786,0.22804,1.082820271
6/26/2023,21.06528,0.07163,0.34119841,21.05982,0.07161,0.341191555
6/23/2023,20.99365,-0.20428,-0.963679001,20.98821,-0.19876,-0.938123762
6/22/2023,21.19793,0.23235,1.108245038,21.18697,0.22139,1.055968879
6/21/2023,20.96558,-0.47148,-2.199368757,20.96558,-0.47148,-2.199368757
6/20/2023,21.43706,-0.19845,-0.917242071,21.43706,-0.19299,-0.892230947
6/19/2023,21.63551,-0.40743,-1.848346908,21.63005,-0.40196,-1.824436354
6/16/2023,22.04294,0.01267,0.057511778,22.03201,0.01268,0.057585767
6/15/2023,22.03027,0.23024,1.056145336,22.01933,0.2193,1.005961918
6/14/2023,21.80003,0.49849,2.340159444,21.80003,0.49849,2.340159444
6/13/2023,21.30154,0.52372,2.520572418,21.30154,0.52372,2.520572418
6/12/2023,20.77782,-0.0948,-0.454183519,20.77782,-0.07867,-0.377196738
6/9/2023,20.87262,0.21935,1.062059422,20.85649,0.20322,0.983960409
6/8/2023,20.65327,0.19221,0.939394147,20.65327,0.19756,0.965793903
6/7/2023,20.46106,0.09508,0.466856984,20.45571,0.09507,0.466930313
6/6/2023,20.36598,0.37203,1.860712866,20.36064,0.36669,1.834004786
6/5/2023,19.99395,-0.38718,-1.899698397,19.99395,-0.38182,-1.873892373
6/2/2023,20.38113,0.22227,1.102592111,20.37577,0.22229,1.102985688
6/1/2023,20.15886,0.47856,2.431670249,20.15348,0.47318,2.404333267
5/31/2023,19.6803,-0.37869,-1.887881693,19.6803,-0.37333,-1.861657964
5/30/2023,20.05899,-0.01717,-0.085524323,20.05363,-0.02253,-0.112222656
5/29/2023,20.07616,-0.0292,-0.145234903,20.07616,-0.02384,-0.118606965
5/26/2023,20.10536,-0.00294,-0.014620828,20.1,-0.0083,-0.041276488
5/25/2023,20.1083,-0.48406,-2.35067763,20.1083,-0.47868,-2.325158911
5/24/2023,20.59236,-0.12335,-0.595441817,20.58698,-0.12873,-0.621412445
5/23/2023,20.71571,0.0578,0.279795972,20.71571,0.0578,0.279795972
5/22/2023,20.65791,0.07096,0.344684375,20.65791,0.07096,0.344684375
5/19/2023,20.58695,0.06729,0.32792941,20.58695,0.0942,0.459674763
5/18/2023,20.51966,-0.06388,-0.310345062,20.49275,-0.0691,-0.336059255
5/17/2023,20.58354,0.45242,2.247366267,20.56185,0.43073,2.139622634
5/16/2023,20.13112,0.00497,0.024694241,20.13112,0.00497,0.024694241
5/15/2023,20.12615,0.00654,0.0325056,20.12615,0.00654,0.0325056
5/12/2023,20.11961,-0.403,-1.963687855,20.11961,-0.39754,-1.937598546
5/11/2023,20.52261,0.00323,0.015741216,20.51715,-0.00223,-0.010867775
5/10/2023,20.51938,-0.12532,-0.607032313,20.51938,-0.12532,-0.607032313
5/9/2023,20.6447,-0.53817,-2.540590581,20.6447,-0.53817,-2.540590581
5/8/2023,21.18287,0.00143,0.006751193,21.18287,0.00143,0.006751193
5/5/2023,21.18144,0.31663,1.517531192,21.18144,0.31663,1.517531192
5/4/2023,20.86481,-0.32886,-1.551689726,20.86481,-0.32886,-1.551689726
5/3/2023,21.19367,-0.27283,-1.270957073,21.19367,-0.26733,-1.245654909
5/2/2023,21.4665,-0.38591,-1.765983706,21.461,-0.3859,-1.766383331
4/28/2023,21.85241,0.24725,1.144402541,21.8469,0.24174,1.118899374
4/27/2023,21.60516,-1.60302,-6.907133605,21.60516,-1.52574,-6.596111695
4/26/2023,23.20818,0.15344,0.665546434,23.1309,0.08713,0.378106534
4/25/2023,23.05474,-0.01735,-0.075199083,23.04377,-0.01729,-0.074974871
4/24/2023,23.07209,0.34556,1.52051369,23.06106,0.34551,1.521028547
4/21/2023,22.72653,-0.2274,-0.990680027,22.71555,-0.23838,-1.038514973
4/20/2023,22.95393,0.00209,0.009106024,22.95393,0.00209,0.009106024
4/19/2023,22.95184,-0.04128,-0.179531964,22.95184,-0.03031,-0.131884963
4/18/2023,22.99312,0.21978,0.96507583,22.98215,0.21972,0.965274797
4/17/2023,22.77334,-0.42317,-1.824283049,22.76243,-0.43408,-1.871315987
4/14/2023,23.19651,-0.05426,-0.233368615,23.19651,-0.05426,-0.233368615
4/13/2023,23.25077,-0.80848,-3.360370751,23.25077,-0.80848,-3.360370751
4/12/2023,24.05925,0.40842,1.726873856,24.05925,0.44112,1.867717724
4/11/2023,23.65083,0.25207,1.077279309,23.61813,0.21937,0.937528313
4/6/2023,23.39876,-1.29384,-5.239788439,23.39876,-1.29384,-5.239788439
4/5/2023,24.6926,-0.78969,-3.098975798,24.6926,-0.77874,-3.057318539
4/4/2023,25.48229,0.26337,1.044334968,25.47134,0.2633,1.044508022
4/3/2023,25.21892,-0.11128,-0.439317495,25.20804,-0.12216,-0.482270176
3/31/2023,25.3302,0.10148,0.402239987,25.3302,0.10148,0.402239987
3/30/2023,25.22872,0.23228,0.929252326,25.22872,0.23228,0.929252326
3/29/2023,24.99644,0.46099,1.878873222,24.99644,0.46641,1.901383733
3/28/2023,24.53545,0.0183,0.074641628,24.53003,0.01827,0.074535651
3/27/2023,24.51715,-0.03635,-0.148044067,24.51176,-0.03636,-0.148117249
3/24/2023,24.5535,-0.15174,-0.614201684,24.54812,-0.15712,-0.63597844
3/23/2023,24.70524,0.72954,3.042830866,24.70524,0.73494,3.06604423
3/22/2023,23.9757,-0.02264,-0.094339859,23.9703,-0.02804,-0.116841415
3/21/2023,23.99834,0.54637,2.329740316,23.99834,0.54637,2.329740316
3/20/2023,23.45197,0.63843,2.798469681,23.45197,0.64377,2.822537508
3/17/2023,22.81354,-0.12873,-0.561104023,22.8082,-0.12878,-0.56145142
3/16/2023,22.94227,0.68811,3.092051104,22.93698,0.6881,3.092739949
3/15/2023,22.25416,-0.72519,-3.15583339,22.24888,-0.73047,-3.178810541
3/14/2023,22.97935,0.12889,0.564058667,22.97935,0.12889,0.564058667
3/13/2023,22.85046,-0.35462,-1.52819986,22.85046,-0.34928,-1.505534114
3/10/2023,23.20508,-0.06432,-0.276414519,23.19974,-0.06966,-0.299363112
3/9/2023,23.2694,-0.1405,-0.600173431,23.2694,-0.1405,-0.600173431
3/8/2023,23.4099,-0.12809,-0.544184104,23.4099,-0.12809,-0.544184104
3/7/2023,23.53799,-0.18271,-0.770255515,23.53799,-0.17737,-0.747911902
3/6/2023,23.7207,0.41476,1.779632145,23.71536,0.42005,1.803152652
3/3/2023,23.30594,-0.27159,-1.151901832,23.29531,-0.26635,-1.130438178
3/2/2023,23.57753,-0.29074,-1.218102527,23.56166,-0.30661,-1.284592474
3/1/2023,23.86827,0.16386,0.691263777,23.86827,0.16916,0.713782079
2/28/2023,23.70441,-0.33336,-1.386817496,23.69911,-0.32276,-1.34360897
2/27/2023,24.03777,0.50741,2.156405597,24.02187,0.49151,2.08883332
2/24/2023,23.53036,-0.30177,-1.266231764,23.53036,-0.29648,-1.244311037
2/23/2023,23.83213,0.06792,0.285807944,23.82684,0.06795,0.28599821
2/22/2023,23.76421,0.02216,0.093336506,23.75889,0.01684,0.070929006
2/21/2023,23.74205,-0.30145,-1.25376921,23.74205,-0.30145,-1.25376921
2/20/2023,24.0435,-0.00561,-0.023327267,24.0435,-0.00027,-0.001122952
2/17/2023,24.04911,-0.33093,-1.357380874,24.04377,-0.33092,-1.357637779
2/16/2023,24.38004,0.05928,0.243742383,24.37469,0.05926,0.24371356
2/15/2023,24.32076,0.01111,0.045702015,24.31543,0.00578,0.023776566
2/14/2023,24.30965,-0.1649,-0.673761111,24.30965,-0.14347,-0.586714497
2/13/2023,24.47455,0.5729,2.396905653,24.45312,0.55147,2.307246571
2/10/2023,23.90165,-0.80493,-3.257958001,23.90165,-0.80493,-3.257958001
2/9/2023,24.70658,0.07509,0.304853665,24.70658,0.07509,0.304853665
2/8/2023,24.63149,-0.22104,-0.889406431,24.63149,-0.22104,-0.889406431
2/7/2023,24.85253,-0.45158,-1.784611275,24.85253,-0.45158,-1.784611275
2/6/2023,25.30411,-0.65965,-2.540656669,25.30411,-0.64883,-2.500025045
2/3/2023,25.96376,0.25125,0.977150811,25.95294,0.24043,0.935070127
2/2/2023,25.71251,0.39504,1.560345485,25.71251,0.39504,1.560345485
2/1/2023,25.31747,-0.18269,-0.716426877,25.31747,-0.17725,-0.695241995
1/31/2023,25.50016,-0.16272,-0.634067572,25.49472,-0.16273,-0.634240737
1/30/2023,25.66288,0.3645,1.440803719,25.65745,0.35907,1.419339894
1/27/2023,25.29838,-0.13115,-0.515738985,25.29838,-0.12572,-0.494491447
1/26/2023,25.42953,0.14385,0.568899076,25.4241,0.14387,0.569100835
1/25/2023,25.28568,-0.22642,-0.887500441,25.28023,-0.23187,-0.908862853
1/24/2023,25.5121,0.00034,0.001332719,25.5121,0.00578,0.02266105
1/23/2023,25.51176,-0.02044,-0.080055773,25.50632,-0.02588,-0.101362201
1/20/2023,25.5322,0.78519,3.172868157,25.5322,0.78519,3.172868157
1/19/2023,24.74701,-0.21334,-0.854715579,24.74701,-0.20794,-0.833261537
1/18/2023,24.96035,-0.25336,-1.004850139,24.95495,-0.25337,-1.005104664
1/17/2023,25.21371,-0.09105,-0.359813727,25.20832,-0.09103,-0.359811616
1/16/2023,25.30476,0.4924,1.984494824,25.29935,0.4924,1.984927611
1/13/2023,24.81236,-0.73704,-2.884764417,24.80695,-0.74245,-2.905939083
1/12/2023,25.5494,-0.23265,-0.902371999,25.5494,-0.22728,-0.881727205
1/11/2023,25.78205,0.45518,1.797221686,25.77668,0.44981,1.776018908
1/10/2023,25.32687,-0.04313,-0.170003942,25.32687,-0.03238,-0.127685164
1/9/2023,25.37,0.37602,1.50444227,25.35925,0.37059,1.483032704
1/6/2023,24.99398,0.22742,0.918254291,24.98866,0.2221,0.896773714
1/5/2023,24.76656,-0.19701,-0.789190008,24.76656,-0.19701,-0.789190008
1/4/2023,24.96357,0.40721,1.658266942,24.96357,0.40721,1.658266942
1/3/2023,24.55636,0.11069,0.452800026,24.55636,0.11069,0.452800026
1/2/2023,24.44567,0.33521,1.390309434,24.44567,0.34056,1.41281247
12/30/2022,24.11046,-0.32462,-1.328499845,24.10511,-0.32997,-1.350394597
12/29/2022,24.43508,0.49857,2.082885099,24.43508,0.50389,2.105578536
12/28/2022,23.93651,0.00633,0.026451953,23.93119,0.01165,0.04870495
12/27/2022,23.93018,0.20287,0.85500632,23.91954,0.19223,0.810163478
12/23/2022,23.72731,0.13334,0.565144399,23.72731,0.14393,0.610302679
12/22/2022,23.59397,-0.40669,-1.694495068,23.58338,-0.41198,-1.71691527
12/21/2022,24.00066,0.35044,1.481762115,23.99536,0.34514,1.459352175
12/20/2022,23.65022,-0.07009,-0.295485177,23.65022,-0.06478,-0.273160447
12/19/2022,23.72031,0.12418,0.52627274,23.715,0.11887,0.50376905
12/16/2022,23.59613,-0.18273,-0.768455679,23.59613,-0.17743,-0.746333322
12/15/2022,23.77886,-1.02965,-4.15039033,23.77356,-1.0243,-4.130598366
12/14/2022,24.80851,0.1074,0.434798274,24.79786,0.10206,0.413268653
12/13/2022,24.70111,0.37284,1.532538072,24.6958,0.36753,1.510711612
12/12/2022,24.32827,0.34139,1.423236369,24.32827,0.34667,1.445566601
12/9/2022,23.98688,0.16798,0.705238277,23.9816,0.1627,0.683071007
12/8/2022,23.8189,0.05348,0.225032842,23.8189,0.05348,0.225032842
12/7/2022,23.76542,-0.13354,-0.558769085,23.76542,-0.1283,-0.536961176
12/6/2022,23.89896,0.00184,0.007699673,23.89372,0.00185,0.00774322
12/5/2022,23.89712,-0.06006,-0.250697286,23.89187,-0.06531,-0.272611384
12/2/2022,23.95718,0.38248,1.622417252,23.95718,0.39299,1.667742452
12/1/2022,23.5747,0.36595,1.576776,23.56419,0.36575,1.576614634
11/30/2022,23.20875,0.20225,0.879099385,23.19844,0.19194,0.834285963
11/29/2022,23.0065,-0.14971,-0.646522034,23.0065,-0.12378,-0.535142679
11/28/2022,23.15621,-0.15843,-0.679530115,23.13028,-0.17396,-0.746473603
11/25/2022,23.31464,0.09737,0.419386086,23.30424,0.08697,0.374591845
11/24/2022,23.21727,0.86212,3.856471551,23.21727,0.8673,3.880542122
11/23/2022,22.35515,0.31656,1.436389533,22.34997,0.31138,1.412885307
11/22/2022,22.03859,0.6158,2.874508876,22.03859,0.6158,2.874508876
11/21/2022,21.42279,0.01281,0.05983191,21.42279,0.01798,0.083999811
11/18/2022,21.40998,-0.10767,-0.500379921,21.40481,-0.11284,-0.524406708
11/17/2022,21.51765,-0.28356,-1.300661752,21.51765,-0.27837,-1.277159775
11/16/2022,21.80121,-0.485,-2.176233644,21.79602,-0.49019,-2.199521588
11/15/2022,22.28621,-0.34963,-1.544585931,22.28621,-0.34963,-1.544585931
11/14/2022,22.63584,0.00754,0.033321107,22.63584,0.00754,0.033321107
11/11/2022,22.6283,1.52579,7.230372122,22.6283,1.52579,7.230372122
11/10/2022,21.10251,0.89811,4.445120865,21.10251,0.91315,4.522926928
11/9/2022,20.2044,0.19384,0.968688532,20.18936,0.1788,0.893528217
11/8/2022,20.01056,0.32134,1.63206059,20.01056,0.32134,1.63206059
11/7/2022,19.68922,0.21831,1.121211078,19.68922,0.21831,1.121211078
11/4/2022,19.47091,0.30246,1.57790536,19.47091,0.30246,1.57790536
11/3/2022,19.16845,-0.39593,-2.023728838,19.16845,-0.37024,-1.894906977
11/2/2022,19.56438,-0.18183,-0.920834935,19.53869,-0.20752,-1.05093585
11/1/2022,19.74621,0.11854,0.603943311,19.74621,0.12447,0.634347413
10/31/2022,19.62767,0.13729,0.704398785,19.62174,0.13136,0.673973519
10/28/2022,19.49038,-1.23892,-5.976661055,19.49038,-1.23393,-5.954022112
10/27/2022,20.7293,-0.42022,-1.986900885,20.72431,-0.42521,-2.010494801
10/26/2022,21.14952,0.15156,0.721784402,21.14952,0.16649,0.793450708
10/25/2022,20.99796,2.33782,12.52841619,20.98303,2.32289,12.44840607
10/24/2022,18.66014,0.06049,0.325221174,18.66014,0.06049,0.325221174
10/21/2022,18.59965,0.12099,0.654755269,18.59965,0.12296,0.665487162
10/20/2022,18.47866,-0.01033,-0.055871089,18.47669,-0.0123,-0.066526078
10/19/2022,18.48899,-0.30443,-1.619875467,18.48899,-0.28866,-1.537253064
10/18/2022,18.79342,0.35513,1.926046287,18.77765,0.36888,2.003827524
10/17/2022,18.43829,0.40946,2.271140168,18.40877,0.4363,2.427601771
10/14/2022,18.02883,0.15231,0.852011465,17.97247,0.16046,0.900852852
10/13/2022,17.87652,0.72616,4.234080218,17.81201,0.66165,3.85793651
10/12/2022,17.15036,0.30769,1.826848118,17.15036,0.31355,1.86228864
10/11/2022,16.84267,-0.19974,-1.172017338,16.83681,-0.2056,-1.206402146
10/10/2022,17.04241,-0.27751,-1.602259133,17.04241,-0.27556,-1.591179567
10/7/2022,17.31992,-1.15874,-6.270692788,17.31797,-1.15872,-6.27125313
10/6/2022,18.47866,-0.25512,-1.361818063,18.47669,-0.25709,-1.372333827
10/5/2022,18.73378,-1.32586,-6.609590202,18.73378,-1.32087,-6.586352791
10/4/2022,20.05964,1.20278,6.378474465,20.05465,1.20171,6.374125203
10/3/2022,18.85686,-0.06329,-0.33451109,18.85294,-0.06721,-0.355229742
9/30/2022,18.92015,0.6449,3.528816295,18.92015,0.65272,3.573135356
9/29/2022,18.27525,0.03549,0.194574929,18.26743,0.02767,0.151701557
9/28/2022,18.23976,0.27351,1.522354415,18.23976,0.27543,1.533204968
9/27/2022,17.96625,0.01352,0.075308881,17.96433,0.02315,0.129032762
9/26/2022,17.95273,0.02778,0.154979512,17.94118,0.04924,0.275207719
9/23/2022,17.92495,-0.11767,-0.65217801,17.89194,-0.15068,-0.8351337
9/22/2022,18.04262,-0.05699,-0.314868663,18.04262,-0.05501,-0.303962453
9/21/2022,18.09961,-0.03405,-0.187772353,18.09763,-0.03403,-0.18768276
9/20/2022,18.13366,-0.5207,-2.791304553,18.13166,-0.51269,-2.749841105
9/19/2022,18.65436,-0.00869,-0.046562593,18.64435,-0.0187,-0.100197985
9/16/2022,18.66305,-0.9287,-4.740260569,18.66305,-0.9267,-4.730535101
9/15/2022,19.59175,0.05761,0.294919561,19.58975,0.05761,0.29494976
9/14/2022,19.53414,-0.10193,-0.519095725,19.53214,-0.10393,-0.529281063
9/13/2022,19.63607,-0.56063,-2.77584952,19.63607,-0.56063,-2.77584952
9/12/2022,20.1967,0.52102,2.648040627,20.1967,0.52102,2.648040627
9/9/2022,19.67568,0.39563,2.0520175,19.67568,0.39563,2.0520175
9/8/2022,19.28005,0.08003,0.416822482,19.28005,0.08003,0.416822482
9/7/2022,19.20002,0.03007,0.156860086,19.20002,0.03007,0.156860086
9/6/2022,19.16995,0.00499,0.026037101,19.16995,0.00499,0.026037101
9/5/2022,19.16496,0.02854,0.149139703,19.16496,0.02854,0.149139703
9/2/2022,19.13642,0.1647,0.868134255,19.13642,0.1647,0.868134255
9/1/2022,18.97172,-0.94123,-4.726723062,18.97172,-0.93721,-4.707485535
8/31/2022,19.91295,0.31603,1.612651376,19.90893,0.31201,1.592137948
8/30/2022,19.59692,-0.6484,-3.202715492,19.59692,-0.6484,-3.202715492
8/29/2022,20.24532,-0.1039,-0.510584681,20.24532,-0.09891,-0.486182077
8/26/2022,20.34922,-0.27005,-1.309697191,20.34423,-0.26508,-1.286214822
8/25/2022,20.61927,0.12604,0.615032379,20.60931,0.11608,0.566430963
8/24/2022,20.49323,0.19594,0.965350547,20.49323,0.19594,0.965350547
8/23/2022,20.29729,0.13036,0.646404782,20.29729,0.13533,0.671214505
8/22/2022,20.16693,-0.74809,-3.576807481,20.16196,-0.75306,-3.600570308
8/19/2022,20.91502,-0.56659,-2.637558358,20.91502,-0.56659,-2.637558358
8/18/2022,21.48161,-0.25116,-1.155674127,21.48161,-0.25116,-1.155674127
8/17/2022,21.73277,-0.02247,-0.103285461,21.73277,-0.01739,-0.079953435
8/16/2022,21.75524,-0.26562,-1.206219921,21.75016,-0.26562,-1.206498248
8/15/2022,22.02086,0.02985,0.135737285,22.01578,0.02477,0.112636937
8/12/2022,21.99101,-0.11519,-0.521075535,21.99101,-0.11519,-0.521075535
8/11/2022,22.1062,0.10363,0.470990434,22.1062,0.11395,0.518137071
8/10/2022,22.00257,0.41194,1.907957294,21.99225,0.40162,1.860158782
8/9/2022,21.59063,-0.22881,-1.048652028,21.59063,-0.21861,-1.002373306
8/8/2022,21.81944,-0.0231,-0.105756931,21.80924,-0.0282,-0.129136016
8/5/2022,21.84254,-0.5509,-2.460095457,21.83744,-0.556,-2.482869983
8/4/2022,22.39344,-0.31211,-1.374597841,22.39344,-0.31211,-1.374597841
8/3/2022,22.70555,0.06245,0.275801458,22.70555,0.06245,0.275801458
8/2/2022,22.6431,-0.12408,-0.544995032,22.6431,-0.11895,-0.522580348
8/1/2022,22.76718,0.2777,1.23479956,22.76205,0.27257,1.211988894
7/29/2022,22.48948,0.29933,1.348931846,22.48948,0.30441,1.372139011
7/28/2022,22.19015,0.12289,0.55688835,22.18507,0.11781,0.53386782
7/27/2022,22.06726,0.44105,2.039423459,22.06726,0.44611,2.063303756
7/26/2022,21.62621,-0.38471,-1.747814267,21.62115,-0.38977,-1.770802856
7/25/2022,22.01092,0.09398,0.428800736,22.01092,0.09398,0.428800736
7/22/2022,21.91694,-0.06091,-0.277142669,21.91694,-0.03545,-0.161485834
7/21/2022,21.97785,0.08249,0.376746489,21.95239,0.05703,0.260466144
7/20/2022,21.89536,-0.09719,-0.441922378,21.89536,-0.09719,-0.441922378
7/19/2022,21.99255,0.5046,2.34829288,21.99255,0.50968,2.372494923
7/18/2022,21.48795,0.6102,2.922728742,21.48287,0.60512,2.898396618
7/15/2022,20.87775,0.44116,2.158677157,20.87775,0.44116,2.158677157
7/14/2022,20.43659,-0.33737,-1.624004282,20.43659,-0.33737,-1.624004282
7/13/2022,20.77396,-0.37636,-1.779452982,20.77396,-0.37636,-1.779452982
7/12/2022,21.15032,0.16185,0.771137677,21.15032,0.16688,0.795293813
7/11/2022,20.98847,-0.30631,-1.438427633,20.98344,-0.28084,-1.320712481
7/8/2022,21.29478,0.55319,2.667056865,21.26428,0.52777,2.545124517
7/7/2022,20.74159,0.23282,1.135221664,20.73651,0.23791,1.160615847
7/6/2022,20.50877,0.22162,1.092415642,20.4986,0.21965,1.083142865
7/5/2022,20.28715,0.30417,1.522145346,20.27895,0.29597,1.481110425
7/4/2022,19.98298,0.09436,0.474442168,19.98298,0.09436,0.474442168
7/1/2022,19.88862,-0.16955,-0.84529147,19.88862,-0.16955,-0.84529147
6/30/2022,20.05817,-0.29064,-1.42828991,20.05817,-0.29064,-1.42828991
6/29/2022,20.34881,-0.78664,-3.721898516,20.34881,-0.78664,-3.721898516
6/28/2022,21.13545,-0.15063,-0.70764556,21.13545,-0.15063,-0.70764556
6/27/2022,21.28608,0.19208,0.910590689,21.28608,0.19841,0.940881567
6/24/2022,21.094,1.86253,9.684803086,21.08767,1.8583,9.663863143
6/23/2022,19.23147,-0.32594,-1.666580595,19.22937,-0.32381,-1.656047763
6/22/2022,19.55741,-0.30761,-1.548500832,19.55318,-0.31184,-1.569794543
6/21/2022,19.86502,0.08178,0.413380215,19.86502,0.08178,0.413380215
6/20/2022,19.78324,0.25623,1.312182459,19.78324,0.25623,1.312182459
6/17/2022,19.52701,0.3057,1.590422297,19.52701,0.3057,1.590422297
6/16/2022,19.22131,-1.59979,-7.683503753,19.22131,-1.5946,-7.660486618
6/15/2022,20.8211,0.26661,1.29708886,20.81591,0.2635,1.282088086
6/14/2022,20.55449,-0.11494,-0.556086936,20.55241,-0.11285,-0.546085556
6/13/2022,20.66943,-1.04818,-4.826405852,20.66526,-1.04709,-4.822554905
6/10/2022,21.71761,-0.72083,-3.212478229,21.71235,-0.72076,-3.21292946
6/9/2022,22.43844,-0.11392,-0.505135604,22.43311,-0.11388,-0.505078505
6/8/2022,22.55236,-0.16586,-0.730074803,22.54699,-0.16588,-0.730334828
6/7/2022,22.71822,-0.20867,-0.910153972,22.71287,-0.20332,-0.887233
6/6/2022,22.92689,0.07948,0.347873129,22.91619,0.07415,0.324620743
6/3/2022,22.84741,-0.39186,-1.686197544,22.84204,-0.39723,-1.709304982
6/2/2022,23.23927,0.90269,4.041308025,23.23927,0.91333,4.090891582
6/1/2022,22.33658,-0.08257,-0.368301207,22.32594,-0.08784,-0.391901768
5/31/2022,22.41915,-0.71682,-3.098292399,22.41378,-0.72219,-3.12150301
5/30/2022,23.13597,0.79491,3.558067522,23.13597,0.79491,3.558067522
5/27/2022,22.34106,0.38841,1.769308033,22.34106,0.38841,1.769308033
5/26/2022,21.95265,0.3816,1.769037669,21.95265,0.3816,1.769037669
5/25/2022,21.57105,-0.16996,-0.78174841,21.57105,-0.16996,-0.78174841
5/24/2022,21.74101,-0.52054,-2.338291808,21.74101,-0.5152,-2.314859538
5/23/2022,22.26155,0.73632,3.420729999,22.25621,0.73625,3.421242419
5/20/2022,21.52523,0.31804,1.499680061,21.51996,0.31807,1.500196445
5/19/2022,21.20719,0.23319,1.111805092,21.20189,0.22789,1.086535711
5/18/2022,20.974,-0.64969,-3.004528829,20.974,-0.64442,-2.980883894
5/17/2022,21.62369,0.6538,3.11780367,21.61842,0.64853,3.092672398
5/16/2022,20.96989,-0.27488,-1.293871386,20.96989,-0.26447,-1.24548138
5/13/2022,21.24477,0.44073,2.118482756,21.23436,0.46139,2.221107526
5/12/2022,20.80404,0.11694,0.565279812,20.77297,0.08587,0.415089597
5/11/2022,20.6871,0.14369,0.69944571,20.6871,0.1458,0.709789546
5/10/2022,20.54341,-0.3487,-1.669051139,20.5413,-0.35081,-1.679150646
5/9/2022,20.89211,-1.07556,-4.896104138,20.89211,-1.07027,-4.873196803
5/6/2022,21.96767,-0.59419,-2.63360379,21.96238,-0.59948,-2.657050438
5/5/2022,22.56186,-1.16812,-4.92254945,22.56186,-1.16812,-4.92254945
5/4/2022,23.72998,0.37394,1.601041957,23.72998,0.37394,1.601041957
5/3/2022,23.35604,0.32031,1.390492075,23.35604,0.33082,1.436772374
5/2/2022,23.03573,-0.47272,-2.010851417,23.02522,-0.48323,-2.055558746
4/29/2022,23.50845,0.6637,2.905262697,23.50845,0.6637,2.905262697
4/28/2022,22.84475,-0.59455,-2.536551859,22.84475,-0.59455,-2.536551859
4/27/2022,23.4393,-0.6607,-2.741493776,23.4393,-0.6607,-2.741493776
4/26/2022,24.1,-1.0106,-4.024595191,24.1,-1.0106,-4.024595191
4/25/2022,25.1106,-0.38174,-1.497469436,25.1106,-0.38174,-1.497469436
4/22/2022,25.49234,-0.66339,-2.536308488,25.49234,-0.65797,-2.51610784
4/21/2022,26.15573,0.21385,0.824342723,26.15031,0.20843,0.803449866
4/20/2022,25.94188,-0.46514,-1.76142556,25.94188,-0.45974,-1.741332539
4/19/2022,26.40702,-0.5086,-1.889609082,26.40162,-0.514,-1.909671782
4/14/2022,26.91562,0.13502,0.50417093,26.91562,0.15678,0.585899837
4/13/2022,26.7806,0.76522,2.941413887,26.75884,0.74346,2.857771057
4/12/2022,26.01538,0.32154,1.251428358,26.01538,0.33242,1.294321215
4/11/2022,25.69384,-0.19239,-0.74321367,25.68296,-0.20327,-0.785243738
4/8/2022,25.88623,-0.30559,-1.166738318,25.88623,-0.30559,-1.166738318
4/7/2022,26.19182,0.55802,2.176891448,26.19182,0.56347,2.198619888
4/6/2022,25.6338,-1.05093,-3.938319781,25.62835,-1.04547,-3.919461105
4/5/2022,26.68473,-0.28084,-1.041476223,26.67382,-0.29175,-1.081935223
4/4/2022,26.96557,0.46957,1.772229771,26.96557,0.48061,1.814652542
4/1/2022,26.496,-0.3169,-1.18189379,26.48496,-0.32794,-1.223068001
3/31/2022,26.8129,0.15883,0.595893985,26.8129,0.16998,0.637993133
3/30/2022,26.65407,0.39447,1.502193484,26.64292,0.38332,1.459732822
3/29/2022,26.2596,0.58311,2.270987974,26.2596,0.58311,2.270987974
3/28/2022,25.67649,-0.06993,-0.271610577,25.67649,-0.06993,-0.271610577
3/25/2022,25.74642,0.35578,1.401225018,25.74642,0.35578,1.401225018
3/24/2022,25.39064,0.28595,1.139030197,25.39064,0.29696,1.183405543
3/23/2022,25.10469,-0.34191,-1.343637264,25.09368,-0.3474,-1.365508068
3/22/2022,25.4466,0.40623,1.622300309,25.44108,0.40071,1.600255907
3/21/2022,25.04037,-0.15203,-0.603475651,25.04037,-0.1465,-0.581652266
3/18/2022,25.1924,0.50159,2.031484589,25.18687,0.49606,2.009087592
3/17/2022,24.69081,0.56995,2.362892534,24.69081,0.56995,2.362892534
3/16/2022,24.12086,1.24403,5.437947478,24.12086,1.24403,5.437947478
3/15/2022,22.87683,0.27931,1.23602059,22.87683,0.27931,1.23602059
3/14/2022,22.59752,0.33434,1.501762102,22.59752,0.38346,1.726204035
3/11/2022,22.26318,0.76454,3.556224952,22.21406,0.7352,3.422900471
3/10/2022,21.49864,-0.11301,-0.522912411,21.47886,-0.13057,-0.604226951
3/9/2022,21.61165,1.92519,9.77925945,21.60943,1.92297,9.767982664
3/8/2022,19.68646,-0.63456,-3.122677897,19.68646,-0.63456,-3.122677897
3/7/2022,20.32102,0.4357,2.191063558,20.32102,0.44226,2.224786657
3/4/2022,19.88532,-1.51163,-7.064698473,19.87876,-1.51819,-7.095357049
3/3/2022,21.39695,-0.98115,-4.384420483,21.39695,-0.9756,-4.360700948
3/2/2022,22.3781,0.51337,2.347936608,22.37255,0.50782,2.322553263
3/1/2022,21.86473,-0.91503,-4.016855314,21.86473,-0.89823,-3.946015808
2/28/2022,22.77976,1.22851,5.700411809,22.76296,1.21171,5.622458094
2/25/2022,21.55125,-0.30704,-1.404684447,21.55125,-0.29364,-1.344204526
2/24/2022,21.85829,-0.50101,-2.2407231,21.84489,-0.51215,-2.290777312
2/23/2022,22.3593,0.06532,0.292993893,22.35704,0.06306,0.282856628
2/22/2022,22.29398,0.06635,0.298502359,22.29398,0.07089,0.318992543
2/21/2022,22.22763,-0.14917,-0.666627936,22.22309,-0.15371,-0.686916807
2/18/2022,22.3768,-0.74444,-3.21972351,22.3768,-0.74444,-3.21972351
2/17/2022,23.12124,-0.31126,-1.328326043,23.12124,-0.31126,-1.328326043
2/16/2022,23.4325,-0.11471,-0.487149008,23.4325,-0.11471,-0.487149008
2/15/2022,23.54721,-0.20379,-0.85802703,23.54721,-0.20379,-0.85802703
2/14/2022,23.751,-0.177,-0.739719157,23.751,-0.1713,-0.716068271
2/11/2022,23.928,-0.67589,-2.747085928,23.9223,-0.67586,-2.747603886
2/10/2022,24.60389,0.21236,0.870630092,24.59816,0.21234,0.870751937
2/9/2022,24.39153,-0.02657,-0.108812725,24.38582,-0.02657,-0.108838176
2/8/2022,24.4181,0.32972,1.368792754,24.41239,0.32401,1.345088379
2/7/2022,24.08838,-0.12538,-0.517804752,24.08838,-0.11965,-0.494257484
2/4/2022,24.21376,-0.75705,-3.031739859,24.20803,-0.76278,-3.054686652
2/3/2022,24.97081,-0.98794,-3.80580729,24.97081,-0.97662,-3.763840966
2/2/2022,25.95875,0.12898,0.499346297,25.94743,0.12329,0.477421513
2/1/2022,25.82977,1.34991,5.514369772,25.82414,1.34428,5.491371274
1/31/2022,24.47986,0.27104,1.11959195,24.47986,0.27104,1.11959195
1/28/2022,24.20882,-0.29698,-1.211876372,24.20882,-0.29141,-1.189417405
1/27/2022,24.5058,-0.20363,-0.82409833,24.50023,-0.2092,-0.846640331
1/26/2022,24.70943,1.33763,5.723264789,24.70943,1.33763,5.723264789
1/25/2022,23.3718,-0.37169,-1.565439622,23.3718,-0.36602,-1.541927608
1/24/2022,23.74349,-1.73963,-6.826597371,23.73782,-1.73395,-6.807340047
1/21/2022,25.48312,-0.60296,-2.311424331,25.47177,-0.60865,-2.333743092
1/20/2022,26.08608,1.43557,5.823692897,26.08042,1.42991,5.800731912
1/19/2022,24.65051,-1.0527,-4.095597398,24.65051,-1.04704,-4.074474026
1/18/2022,25.70321,-1.05793,-3.953232187,25.69755,-1.05218,-3.933422879
1/17/2022,26.76114,-0.01076,-0.040191395,26.74973,-0.02217,-0.082810708
1/14/2022,26.7719,-0.93507,-3.374854775,26.7719,-0.92361,-3.334872692
1/13/2022,27.70697,0.49314,1.812093336,27.69551,0.48168,1.769982395
1/12/2022,27.21383,0.84416,3.201253561,27.21383,0.84416,3.201253561
1/11/2022,26.36967,0.26199,1.003497821,26.36967,0.27898,1.069270303
1/10/2022,26.10768,-0.75162,-2.798360344,26.09069,-0.76861,-2.861615902
1/7/2022,26.8593,0.33064,1.246350174,26.8593,0.33629,1.267917932
1/6/2022,26.52866,-1.22844,-4.425678475,26.52301,-1.23409,-4.446033627
1/5/2022,27.7571,0.01339,0.048263192,27.7571,0.01339,0.048263192
1/4/2022,27.74371,0.1374,0.497712298,27.74371,0.1374,0.497712298
1/3/2022,27.60631,-0.6082,-2.155628434,27.60631,-0.6082,-2.155628434
12/31/2021,28.21451,-0.24271,-0.852894274,28.21451,-0.24271,-0.852894274
12/30/2021,28.45722,0.36166,1.287249658,28.45722,0.36733,1.30769469
12/29/2021,28.09556,-0.48734,-1.70500544,28.08989,-0.48735,-1.705378126
12/28/2021,28.5829,0.79211,2.850260824,28.57724,0.79211,2.850841439
12/27/2021,27.79079,0.27028,0.982103893,27.78513,0.26462,0.961537413
12/24/2021,27.52051,-0.2438,-0.878105741,27.52051,-0.23247,-0.837639778
12/23/2021,27.76431,0.15554,0.563371711,27.75298,0.14421,0.522334026
12/22/2021,27.60877,-0.06862,-0.247928002,27.60877,-0.06298,-0.227596737
12/21/2021,27.67739,0.0598,0.216528669,27.67175,0.05416,0.196106901
12/20/2021,27.61759,-0.33268,-1.190256838,27.61759,-0.32705,-1.170349663
12/17/2021,27.95027,0.92855,3.436309754,27.94464,0.92857,3.437102436
12/16/2021,27.02172,-0.00228,-0.008436945,27.01607,-0.00793,-0.029344287
12/15/2021,27.024,-0.44586,-1.623087995,27.024,-0.44586,-1.623087995
12/14/2021,27.46986,-0.3448,-1.239634063,27.46986,-0.3448,-1.239634063
12/13/2021,27.81466,-0.62433,-2.195331128,27.81466,-0.61867,-2.17586192
12/10/2021,28.43899,0.15189,0.536958543,28.43333,0.14623,0.516949422
12/9/2021,28.2871,-0.22726,-0.797001932,28.2871,-0.22726,-0.797001932
12/8/2021,28.51436,-0.46705,-1.611550301,28.51436,-0.46705,-1.611550301
12/7/2021,28.98141,0.85158,3.027320108,28.98141,0.85158,3.027320108
12/6/2021,28.12983,0.09552,0.340725347,28.12983,0.10117,0.360951968
12/3/2021,28.03431,-0.68096,-2.371421199,28.02866,-0.68096,-2.37188789
12/2/2021,28.71527,-0.82905,-2.80612314,28.70962,-0.8347,-2.825246951
12/1/2021,29.54432,0.91618,3.200277769,29.54432,0.92183,3.220649217
11/30/2021,28.62814,0.44687,1.585698586,28.62249,0.44122,1.565649809
11/29/2021,28.18127,-0.64393,-2.233913381,28.18127,-0.64393,-2.233913381
11/26/2021,28.8252,0.15562,0.542805301,28.8252,0.15562,0.542805301
11/25/2021,28.66958,0.65159,2.325612937,28.66958,0.67958,2.427938549
11/24/2021,28.01799,0.33315,1.203366174,27.99,0.30516,1.102263911
11/23/2021,27.68484,-0.31143,-1.112398187,27.68484,-0.31143,-1.112398187
11/22/2021,27.99627,-0.28262,-0.999402735,27.99627,-0.28262,-0.999402735
11/19/2021,28.27889,-0.57817,-2.003565159,28.27889,-0.57817,-2.003565159
11/18/2021,28.85706,-0.81004,-2.730432027,28.85706,-0.81004,-2.730432027
11/17/2021,29.6671,-0.0689,-0.231705677,29.6671,-0.05757,-0.193677508
11/16/2021,29.736,-0.72155,-2.369034936,29.72467,-0.72149,-2.369724129
11/15/2021,30.45755,-0.79822,-2.55383246,30.44616,-0.80961,-2.590273732
11/12/2021,31.25577,-0.48068,-1.514599144,31.25577,-0.48068,-1.514599144
11/11/2021,31.73645,0.08996,0.284265332,31.73645,0.09572,0.302521465
11/10/2021,31.64649,0.97406,3.175685787,31.64073,0.99148,3.234924182
11/9/2021,30.67243,0.86165,2.890397366,30.64925,0.85585,2.872616083
11/8/2021,29.81078,-0.20853,-0.694652875,29.7934,-0.22013,-0.733435887
11/5/2021,30.01931,0.16454,0.55113471,30.01353,0.16453,0.551207746
11/4/2021,29.85477,0.8716,3.007262491,29.849,0.87162,3.007932394
11/3/2021,28.98317,0.22258,0.773906238,28.97738,0.22258,0.77406207
11/2/2021,28.76059,-0.22441,-0.774228049,28.7548,-0.2244,-0.774348498
11/1/2021,28.985,0.0048,0.016563033,28.9792,-0.001,-0.003450632
10/29/2021,28.9802,-0.35494,-1.209948205,28.9802,-0.35494,-1.209948205
10/28/2021,29.33514,0.15592,0.534352872,29.33514,0.16753,0.574369995
10/27/2021,29.17922,0.09006,0.309599865,29.16761,0.09003,0.309619989
10/26/2021,29.08916,0.1554,0.537088854,29.07758,0.14382,0.497066403
10/25/2021,28.93376,-0.14624,-0.502888583,28.93376,-0.14042,-0.482971489
10/22/2021,29.08,0.33908,1.179781301,29.07418,0.33908,1.180020254
10/21/2021,28.74092,-0.47484,-1.625287174,28.7351,-0.48066,-1.645207929
10/20/2021,29.21576,0.33521,1.160677342,29.21576,0.33521,1.160677342
10/19/2021,28.88055,0.05799,0.201196563,28.88055,0.07542,0.261828362
10/18/2021,28.82256,0.12493,0.435332116,28.80513,0.1133,0.394885931
10/15/2021,28.69763,-5E-05,-0.00017423,28.69183,-0.00585,-0.020384923
10/14/2021,28.69768,0.44736,1.583557284,28.69768,0.44736,1.583557284
10/13/2021,28.25032,-0.1662,-0.584871054,28.25032,-0.15467,-0.544517002
10/12/2021,28.41652,-0.28863,-1.005499013,28.40499,-0.30016,-1.045666022
10/11/2021,28.70515,-0.26267,-0.906764817,28.70515,-0.24532,-0.847378298
10/8/2021,28.96782,0.11249,0.389841322,28.95047,0.09514,0.329713783
10/7/2021,28.85533,0.62115,2.199993058,28.85533,0.62692,2.220883146
10/6/2021,28.23418,0.03983,0.141269439,28.22841,0.05727,0.203293157
10/5/2021,28.19435,0.50627,1.82847637,28.17114,0.50049,1.808739585
10/4/2021,27.68808,-0.32447,-1.158302261,27.67065,-0.3419,-1.220524372
10/1/2021,28.01255,1.26618,4.734025589,28.01255,1.27775,4.779351258
9/30/2021,26.74637,0.06987,0.261915919,26.7348,0.0641,0.240338649
9/29/2021,26.6765,-0.1921,-0.714960958,26.6707,-0.1979,-0.736547494
9/28/2021,26.8686,-0.80078,-2.894101711,26.8686,-0.79493,-2.87356675
9/27/2021,27.66938,0.20122,0.732557259,27.66353,0.19537,0.711259873
9/24/2021,27.46816,0.16336,0.598283086,27.46816,0.18685,0.684901128
9/23/2021,27.3048,-1.01762,-3.592983933,27.28131,-1.04111,-3.675921761
9/22/2021,28.32242,-1.11486,-3.787238495,28.32242,-1.11486,-3.787238495
9/21/2021,29.43728,,,29.43728,,
,,,,,,
,,,,,,
,,,,,,
,,,,,,
,,,,,,
,,,,,,
,,,,,,
,,,,,,
,,,,,,
,,,,,,
,,,,,,
,,,,,,
,,,,,,
,,,,,,
