"date","rate_week_average"
2010-01-04,0.065
2010-01-05,0.065
2010-01-06,0.065
2010-01-07,0.065
2010-01-08,0.05
2010-01-11,0.05
2010-01-12,0.05
2010-01-13,0.05
2010-01-14,0.05
2010-01-15,0.0575
2010-01-18,0.0575
2010-01-19,0.0575
2010-01-20,0.0575
2010-01-21,0.0575
2010-01-22,0.07
2010-01-25,0.07
2010-01-26,0.07
2010-01-27,0.07
2010-01-28,0.07
2010-01-29,0.094
2010-02-01,0.094
2010-02-02,0.094
2010-02-03,0.094
2010-02-04,0.094
2010-02-05,0.112
2010-02-08,0.112
2010-02-09,0.112
2010-02-10,0.112
2010-02-11,0.112
2010-02-12,0.1
2010-02-15,0.1
2010-02-16,0.1
2010-02-17,0.1
2010-02-18,0.1
2010-02-19,0.118
2010-02-22,0.118
2010-02-23,0.118
2010-02-24,0.118
2010-02-25,0.118
2010-02-26,0.136
2010-03-01,0.136
2010-03-02,0.136
2010-03-03,0.136
2010-03-04,0.136
2010-03-05,0.156
2010-03-08,0.156
2010-03-09,0.156
2010-03-10,0.156
2010-03-11,0.156
2010-03-12,0.158
2010-03-15,0.158
2010-03-16,0.158
2010-03-17,0.158
2010-03-18,0.158
2010-03-19,0.146
2010-03-22,0.146
2010-03-23,0.146
2010-03-24,0.146
2010-03-25,0.146
2010-03-26,0.154
2010-03-29,0.154
2010-03-30,0.154
2010-03-31,0.154
2010-04-01,0.154
2010-04-02,0.17
2010-04-05,0.17
2010-04-06,0.17
2010-04-07,0.17
2010-04-08,0.17
2010-04-09,0.16
2010-04-12,0.16
2010-04-13,0.16
2010-04-14,0.16
2010-04-15,0.16
2010-04-16,0.158
2010-04-19,0.158
2010-04-20,0.158
2010-04-21,0.158
2010-04-22,0.158
2010-04-23,0.162
2010-04-26,0.162
2010-04-27,0.162
2010-04-28,0.162
2010-04-29,0.162
2010-04-30,0.15
2010-05-03,0.15
2010-05-04,0.15
2010-05-05,0.15
2010-05-06,0.15
2010-05-07,0.154
2010-05-10,0.154
2010-05-11,0.154
2010-05-12,0.154
2010-05-13,0.154
2010-05-14,0.166
2010-05-17,0.166
2010-05-18,0.166
2010-05-19,0.166
2010-05-20,0.166
2010-05-21,0.17
2010-05-24,0.17
2010-05-25,0.17
2010-05-26,0.17
2010-05-27,0.17
2010-05-28,0.155
2010-05-31,0.155
2010-06-01,0.155
2010-06-02,0.155
2010-06-03,0.155
2010-06-04,0.116
2010-06-07,0.116
2010-06-08,0.116
2010-06-09,0.116
2010-06-10,0.116
2010-06-11,0.086
2010-06-14,0.086
2010-06-15,0.086
2010-06-16,0.086
2010-06-17,0.086
2010-06-18,0.124
2010-06-21,0.124
2010-06-22,0.124
2010-06-23,0.124
2010-06-24,0.124
2010-06-25,0.16
2010-06-28,0.16
2010-06-29,0.16
2010-06-30,0.16
2010-07-01,0.16
2010-07-02,0.1625
2010-07-05,0.1625
2010-07-06,0.1625
2010-07-07,0.1625
2010-07-08,0.1625
2010-07-09,0.154
2010-07-12,0.154
2010-07-13,0.154
2010-07-14,0.154
2010-07-15,0.154
2010-07-16,0.16
2010-07-19,0.16
2010-07-20,0.16
2010-07-21,0.16
2010-07-22,0.16
2010-07-23,0.154
2010-07-26,0.154
2010-07-27,0.154
2010-07-28,0.154
2010-07-29,0.154
2010-07-30,0.156
2010-08-02,0.156
2010-08-03,0.156
2010-08-04,0.156
2010-08-05,0.156
2010-08-06,0.152
2010-08-09,0.152
2010-08-10,0.152
2010-08-11,0.152
2010-08-12,0.152
2010-08-13,0.16
2010-08-16,0.16
2010-08-17,0.16
2010-08-18,0.16
2010-08-19,0.16
2010-08-20,0.158
2010-08-23,0.158
2010-08-24,0.158
2010-08-25,0.158
2010-08-26,0.158
2010-08-27,0.14
2010-08-30,0.14
2010-08-31,0.14
2010-09-01,0.14
2010-09-02,0.14
2010-09-03,0.14
2010-09-06,0.14
2010-09-07,0.14
2010-09-08,0.14
2010-09-09,0.14
2010-09-10,0.15
2010-09-13,0.15
2010-09-14,0.15
2010-09-15,0.15
2010-09-16,0.15
2010-09-17,0.164
2010-09-20,0.164
2010-09-21,0.164
2010-09-22,0.164
2010-09-23,0.164
2010-09-24,0.158
2010-09-27,0.158
2010-09-28,0.158
2010-09-29,0.158
2010-09-30,0.158
2010-10-01,0.134
2010-10-04,0.134
2010-10-05,0.134
2010-10-06,0.134
2010-10-07,0.134
2010-10-08,0.13
2010-10-11,0.13
2010-10-12,0.13
2010-10-13,0.13
2010-10-14,0.13
2010-10-15,0.14
2010-10-18,0.14
2010-10-19,0.14
2010-10-20,0.14
2010-10-21,0.14
2010-10-22,0.136
2010-10-25,0.136
2010-10-26,0.136
2010-10-27,0.136
2010-10-28,0.136
2010-10-29,0.128
2010-11-01,0.128
2010-11-02,0.128
2010-11-03,0.128
2010-11-04,0.128
2010-11-05,0.13
2010-11-08,0.13
2010-11-09,0.13
2010-11-10,0.13
2010-11-11,0.13
2010-11-12,0.142
2010-11-15,0.142
2010-11-16,0.142
2010-11-17,0.142
2010-11-18,0.142
2010-11-19,0.15
2010-11-22,0.15
2010-11-23,0.15
2010-11-24,0.15
2010-11-25,0.15
2010-11-26,0.166
2010-11-29,0.166
2010-11-30,0.166
2010-12-01,0.166
2010-12-02,0.166
2010-12-03,0.144
2010-12-06,0.144
2010-12-07,0.144
2010-12-08,0.144
2010-12-09,0.144
2010-12-10,0.14
2010-12-13,0.14
2010-12-14,0.14
2010-12-15,0.14
2010-12-16,0.14
2010-12-17,0.134
2010-12-20,0.134
2010-12-21,0.134
2010-12-22,0.134
2010-12-23,0.134
2010-12-24,0.1425
2010-12-27,0.1425
2010-12-28,0.1425
2010-12-29,0.1425
2010-12-30,0.1425
2010-12-31,0.12
2011-01-03,0.144
2011-01-04,0.144
2011-01-05,0.144
2011-01-06,0.144
2011-01-07,0.144
2011-01-10,0.15
2011-01-11,0.15
2011-01-12,0.15
2011-01-13,0.15
2011-01-14,0.15
2011-01-17,0.16
2011-01-18,0.16
2011-01-19,0.16
2011-01-20,0.16
2011-01-21,0.16
2011-01-24,0.156
2011-01-25,0.156
2011-01-26,0.156
2011-01-27,0.156
2011-01-28,0.156
2011-01-31,0.15
2011-02-01,0.15
2011-02-02,0.15
2011-02-03,0.15
2011-02-04,0.15
2011-02-07,0.138
2011-02-08,0.138
2011-02-09,0.138
2011-02-10,0.138
2011-02-11,0.138
2011-02-14,0.114
2011-02-15,0.114
2011-02-16,0.114
2011-02-17,0.114
2011-02-18,0.114
2011-02-21,0.125
2011-02-22,0.125
2011-02-23,0.125
2011-02-24,0.125
2011-02-25,0.125
2011-02-28,0.134
2011-03-01,0.134
2011-03-02,0.134
2011-03-03,0.134
2011-03-04,0.134
2011-03-07,0.096
2011-03-08,0.096
2011-03-09,0.096
2011-03-10,0.096
2011-03-11,0.096
2011-03-14,0.088
2011-03-15,0.088
2011-03-16,0.088
2011-03-17,0.088
2011-03-18,0.088
2011-03-21,0.094
2011-03-22,0.094
2011-03-23,0.094
2011-03-24,0.094
2011-03-25,0.094
2011-03-28,0.094
2011-03-29,0.094
2011-03-30,0.094
2011-03-31,0.094
2011-04-01,0.094
2011-04-04,0.054
2011-04-05,0.054
2011-04-06,0.054
2011-04-07,0.054
2011-04-08,0.054
2011-04-11,0.06
2011-04-12,0.06
2011-04-13,0.06
2011-04-14,0.06
2011-04-15,0.06
2011-04-18,0.0625
2011-04-19,0.0625
2011-04-20,0.0625
2011-04-21,0.0625
2011-04-22,0.0625
2011-04-25,0.056
2011-04-26,0.056
2011-04-27,0.056
2011-04-28,0.056
2011-04-29,0.056
2011-05-02,0.03
2011-05-03,0.03
2011-05-04,0.03
2011-05-05,0.03
2011-05-06,0.03
2011-05-09,0.028
2011-05-10,0.028
2011-05-11,0.028
2011-05-12,0.028
2011-05-13,0.028
2011-05-16,0.046
2011-05-17,0.046
2011-05-18,0.046
2011-05-19,0.046
2011-05-20,0.046
2011-05-23,0.056
2011-05-24,0.056
2011-05-25,0.056
2011-05-26,0.056
2011-05-27,0.056
2011-05-30,0.0475
2011-05-31,0.0475
2011-06-01,0.0475
2011-06-02,0.0475
2011-06-03,0.0475
2011-06-06,0.048
2011-06-07,0.048
2011-06-08,0.048
2011-06-09,0.048
2011-06-10,0.048
2011-06-13,0.048
2011-06-14,0.048
2011-06-15,0.048
2011-06-16,0.048
2011-06-17,0.048
2011-06-20,0.022
2011-06-21,0.022
2011-06-22,0.022
2011-06-23,0.022
2011-06-24,0.022
2011-06-27,0.024
2011-06-28,0.024
2011-06-29,0.024
2011-06-30,0.024
2011-07-01,0.024
2011-07-04,0.0225
2011-07-05,0.0225
2011-07-06,0.0225
2011-07-07,0.0225
2011-07-08,0.0225
2011-07-11,0.02
2011-07-12,0.02
2011-07-13,0.02
2011-07-14,0.02
2011-07-15,0.02
2011-07-18,0.034
2011-07-19,0.034
2011-07-20,0.034
2011-07-21,0.034
2011-07-22,0.034
2011-07-25,0.074
2011-07-26,0.074
2011-07-27,0.074
2011-07-28,0.074
2011-07-29,0.074
2011-08-01,0.042
2011-08-02,0.042
2011-08-03,0.042
2011-08-04,0.042
2011-08-05,0.042
2011-08-08,0.03
2011-08-09,0.03
2011-08-10,0.03
2011-08-11,0.03
2011-08-12,0.03
2011-08-15,0.018
2011-08-16,0.018
2011-08-17,0.018
2011-08-18,0.018
2011-08-19,0.018
2011-08-22,0.012
2011-08-23,0.012
2011-08-24,0.012
2011-08-25,0.012
2011-08-26,0.012
2011-08-29,0.018
2011-08-30,0.018
2011-08-31,0.018
2011-09-01,0.018
2011-09-02,0.018
2011-09-05,0.0175
2011-09-06,0.0175
2011-09-07,0.0175
2011-09-08,0.0175
2011-09-09,0.0175
2011-09-12,0.01
2011-09-13,0.01
2011-09-14,0.01
2011-09-15,0.01
2011-09-16,0.01
2011-09-19,0.008
2011-09-20,0.008
2011-09-21,0.008
2011-09-22,0.008
2011-09-23,0.008
2011-09-26,0.018
2011-09-27,0.018
2011-09-28,0.018
2011-09-29,0.018
2011-09-30,0.018
2011-10-03,0.01
2011-10-04,0.01
2011-10-05,0.01
2011-10-06,0.01
2011-10-07,0.01
2011-10-10,0.02
2011-10-11,0.02
2011-10-12,0.02
2011-10-13,0.02
2011-10-14,0.02
2011-10-17,0.032
2011-10-18,0.032
2011-10-19,0.032
2011-10-20,0.032
2011-10-21,0.032
2011-10-24,0.016
2011-10-25,0.016
2011-10-26,0.016
2011-10-27,0.016
2011-10-28,0.016
2011-10-31,0.01
2011-11-01,0.01
2011-11-02,0.01
2011-11-03,0.01
2011-11-04,0.01
2011-11-07,0.01
2011-11-08,0.01
2011-11-09,0.01
2011-11-10,0.01
2011-11-11,0.01
2011-11-14,0.012
2011-11-15,0.012
2011-11-16,0.012
2011-11-17,0.012
2011-11-18,0.012
2011-11-21,0.02
2011-11-22,0.02
2011-11-23,0.02
2011-11-24,0.02
2011-11-25,0.02
2011-11-28,0.018
2011-11-29,0.018
2011-11-30,0.018
2011-12-01,0.018
2011-12-02,0.018
2011-12-05,0.012
2011-12-06,0.012
2011-12-07,0.012
2011-12-08,0.012
2011-12-09,0.012
2011-12-12,0.006
2011-12-13,0.006
2011-12-14,0.006
2011-12-15,0.006
2011-12-16,0.006
2011-12-19,0.01
2011-12-20,0.01
2011-12-21,0.01
2011-12-22,0.01
2011-12-23,0.01
2011-12-26,0.0175
2011-12-27,0.0175
2011-12-28,0.0175
2011-12-29,0.0175
2011-12-30,0.0175
2012-01-02,0.02
2012-01-03,0.02
2012-01-04,0.02
2012-01-05,0.02
2012-01-06,0.02
2012-01-09,0.022
2012-01-10,0.022
2012-01-11,0.022
2012-01-12,0.022
2012-01-13,0.022
2012-01-16,0.04
2012-01-17,0.04
2012-01-18,0.04
2012-01-19,0.04
2012-01-20,0.04
2012-01-23,0.046
2012-01-24,0.046
2012-01-25,0.046
2012-01-26,0.046
2012-01-27,0.046
2012-01-30,0.066
2012-01-31,0.066
2012-02-01,0.066
2012-02-02,0.066
2012-02-03,0.066
2012-02-06,0.086
2012-02-07,0.086
2012-02-08,0.086
2012-02-09,0.086
2012-02-10,0.086
2012-02-13,0.106
2012-02-14,0.106
2012-02-15,0.106
2012-02-16,0.106
2012-02-17,0.106
2012-02-20,0.09
2012-02-21,0.09
2012-02-22,0.09
2012-02-23,0.09
2012-02-24,0.09
2012-02-27,0.09
2012-02-28,0.09
2012-02-29,0.09
2012-03-01,0.09
2012-03-02,0.09
2012-03-05,0.082
2012-03-06,0.082
2012-03-07,0.082
2012-03-08,0.082
2012-03-09,0.082
2012-03-12,0.086
2012-03-13,0.086
2012-03-14,0.086
2012-03-15,0.086
2012-03-16,0.086
2012-03-19,0.09
2012-03-20,0.09
2012-03-21,0.09
2012-03-22,0.09
2012-03-23,0.09
2012-03-26,0.082
2012-03-27,0.082
2012-03-28,0.082
2012-03-29,0.082
2012-03-30,0.082
2012-04-02,0.078
2012-04-03,0.078
2012-04-04,0.078
2012-04-05,0.078
2012-04-06,0.078
2012-04-09,0.09
2012-04-10,0.09
2012-04-11,0.09
2012-04-12,0.09
2012-04-13,0.09
2012-04-16,0.076
2012-04-17,0.076
2012-04-18,0.076
2012-04-19,0.076
2012-04-20,0.076
2012-04-23,0.088
2012-04-24,0.088
2012-04-25,0.088
2012-04-26,0.088
2012-04-27,0.088
2012-04-30,0.086
2012-05-01,0.086
2012-05-02,0.086
2012-05-03,0.086
2012-05-04,0.086
2012-05-07,0.096
2012-05-08,0.096
2012-05-09,0.096
2012-05-10,0.096
2012-05-11,0.096
2012-05-14,0.094
2012-05-15,0.094
2012-05-16,0.094
2012-05-17,0.094
2012-05-18,0.094
2012-05-21,0.092
2012-05-22,0.092
2012-05-23,0.092
2012-05-24,0.092
2012-05-25,0.092
2012-05-28,0.075
2012-05-29,0.075
2012-05-30,0.075
2012-05-31,0.075
2012-06-01,0.075
2012-06-04,0.086
2012-06-05,0.086
2012-06-06,0.086
2012-06-07,0.086
2012-06-08,0.086
2012-06-11,0.098
2012-06-12,0.098
2012-06-13,0.098
2012-06-14,0.098
2012-06-15,0.098
2012-06-18,0.092
2012-06-19,0.092
2012-06-20,0.092
2012-06-21,0.092
2012-06-22,0.092
2012-06-25,0.094
2012-06-26,0.094
2012-06-27,0.094
2012-06-28,0.094
2012-06-29,0.094
2012-07-02,0.0875
2012-07-03,0.0875
2012-07-04,0.0875
2012-07-05,0.0875
2012-07-06,0.0875
2012-07-09,0.096
2012-07-10,0.096
2012-07-11,0.096
2012-07-12,0.096
2012-07-13,0.096
2012-07-16,0.094
2012-07-17,0.094
2012-07-18,0.094
2012-07-19,0.094
2012-07-20,0.094
2012-07-23,0.104
2012-07-24,0.104
2012-07-25,0.104
2012-07-26,0.104
2012-07-27,0.104
2012-07-30,0.1
2012-07-31,0.1
2012-08-01,0.1
2012-08-02,0.1
2012-08-03,0.1
2012-08-06,0.106
2012-08-07,0.106
2012-08-08,0.106
2012-08-09,0.106
2012-08-10,0.106
2012-08-13,0.098
2012-08-14,0.098
2012-08-15,0.098
2012-08-16,0.098
2012-08-17,0.098
2012-08-20,0.108
2012-08-21,0.108
2012-08-22,0.108
2012-08-23,0.108
2012-08-24,0.108
2012-08-27,0.104
2012-08-28,0.104
2012-08-29,0.104
2012-08-30,0.104
2012-08-31,0.104
2012-09-03,0.1075
2012-09-04,0.1075
2012-09-05,0.1075
2012-09-06,0.1075
2012-09-07,0.1075
2012-09-10,0.102
2012-09-11,0.102
2012-09-12,0.102
2012-09-13,0.102
2012-09-14,0.102
2012-09-17,0.108
2012-09-18,0.108
2012-09-19,0.108
2012-09-20,0.108
2012-09-21,0.108
2012-09-24,0.104
2012-09-25,0.104
2012-09-26,0.104
2012-09-27,0.104
2012-09-28,0.104
2012-10-01,0.096
2012-10-02,0.096
2012-10-03,0.096
2012-10-04,0.096
2012-10-05,0.096
2012-10-08,0.1025
2012-10-09,0.1025
2012-10-10,0.1025
2012-10-11,0.1025
2012-10-12,0.1025
2012-10-15,0.102
2012-10-16,0.102
2012-10-17,0.102
2012-10-18,0.102
2012-10-19,0.102
2012-10-22,0.11
2012-10-23,0.11
2012-10-24,0.11
2012-10-25,0.11
2012-10-26,0.11
2012-10-29,0.1075
2012-10-30,0.1075
2012-10-31,0.1075
2012-11-01,0.1075
2012-11-02,0.1075
2012-11-05,0.1
2012-11-06,0.1
2012-11-07,0.1
2012-11-08,0.1
2012-11-09,0.1
2012-11-12,0.0875
2012-11-13,0.0875
2012-11-14,0.0875
2012-11-15,0.0875
2012-11-16,0.0875
2012-11-19,0.0925
2012-11-20,0.0925
2012-11-21,0.0925
2012-11-22,0.0925
2012-11-23,0.0925
2012-11-26,0.094
2012-11-27,0.094
2012-11-28,0.094
2012-11-29,0.094
2012-11-30,0.094
2012-12-03,0.098
2012-12-04,0.098
2012-12-05,0.098
2012-12-06,0.098
2012-12-07,0.098
2012-12-10,0.068
2012-12-11,0.068
2012-12-12,0.068
2012-12-13,0.068
2012-12-14,0.068
2012-12-17,0.056
2012-12-18,0.056
2012-12-19,0.056
2012-12-20,0.056
2012-12-21,0.056
2012-12-24,0.06
2012-12-25,0.06
2012-12-26,0.06
2012-12-27,0.06
2012-12-28,0.06
2012-12-31,0.05
2013-01-01,0.075
2013-01-02,0.075
2013-01-03,0.075
2013-01-04,0.075
2013-01-07,0.075
2013-01-08,0.068
2013-01-09,0.068
2013-01-10,0.068
2013-01-11,0.068
2013-01-14,0.068
2013-01-15,0.08
2013-01-16,0.08
2013-01-17,0.08
2013-01-18,0.08
2013-01-21,0.08
2013-01-22,0.078
2013-01-23,0.078
2013-01-24,0.078
2013-01-25,0.078
2013-01-28,0.078
2013-01-29,0.068
2013-01-30,0.068
2013-01-31,0.068
2013-02-01,0.068
2013-02-04,0.068
2013-02-05,0.074
2013-02-06,0.074
2013-02-07,0.074
2013-02-08,0.074
2013-02-11,0.074
2013-02-12,0.1
2013-02-13,0.1
2013-02-14,0.1
2013-02-15,0.1
2013-02-18,0.1
2013-02-19,0.124
2013-02-20,0.124
2013-02-21,0.124
2013-02-22,0.124
2013-02-25,0.124
2013-02-26,0.116
2013-02-27,0.116
2013-02-28,0.116
2013-03-01,0.116
2013-03-04,0.116
2013-03-05,0.096
2013-03-06,0.096
2013-03-07,0.096
2013-03-08,0.096
2013-03-11,0.096
2013-03-12,0.09
2013-03-13,0.09
2013-03-14,0.09
2013-03-15,0.09
2013-03-18,0.09
2013-03-19,0.072
2013-03-20,0.072
2013-03-21,0.072
2013-03-22,0.072
2013-03-25,0.072
2013-03-26,0.0775
2013-03-27,0.0775
2013-03-28,0.0775
2013-03-29,0.0775
2013-04-01,0.0775
2013-04-02,0.068
2013-04-03,0.068
2013-04-04,0.068
2013-04-05,0.068
2013-04-08,0.068
2013-04-09,0.064
2013-04-10,0.064
2013-04-11,0.064
2013-04-12,0.064
2013-04-15,0.064
2013-04-16,0.054
2013-04-17,0.054
2013-04-18,0.054
2013-04-19,0.054
2013-04-22,0.054
2013-04-23,0.052
2013-04-24,0.052
2013-04-25,0.052
2013-04-26,0.052
2013-04-29,0.052
2013-04-30,0.05
2013-05-01,0.05
2013-05-02,0.05
2013-05-03,0.05
2013-05-06,0.05
2013-05-07,0.042
2013-05-08,0.042
2013-05-09,0.042
2013-05-10,0.042
2013-05-13,0.042
2013-05-14,0.042
2013-05-15,0.042
2013-05-16,0.042
2013-05-17,0.042
2013-05-20,0.042
2013-05-21,0.0425
2013-05-22,0.0425
2013-05-23,0.0425
2013-05-24,0.0425
2013-05-27,0.0425
2013-05-28,0.046
2013-05-29,0.046
2013-05-30,0.046
2013-05-31,0.046
2013-06-03,0.046
2013-06-04,0.046
2013-06-05,0.046
2013-06-06,0.046
2013-06-07,0.046
2013-06-10,0.046
2013-06-11,0.05
2013-06-12,0.05
2013-06-13,0.05
2013-06-14,0.05
2013-06-17,0.05
2013-06-18,0.052
2013-06-19,0.052
2013-06-20,0.052
2013-06-21,0.052
2013-06-24,0.052
2013-06-25,0.052
2013-06-26,0.052
2013-06-27,0.052
2013-06-28,0.052
2013-07-01,0.052
2013-07-02,0.0425
2013-07-03,0.0425
2013-07-04,0.0425
2013-07-05,0.0425
2013-07-08,0.0425
2013-07-09,0.04
2013-07-10,0.04
2013-07-11,0.04
2013-07-12,0.04
2013-07-15,0.04
2013-07-16,0.032
2013-07-17,0.032
2013-07-18,0.032
2013-07-19,0.032
2013-07-22,0.032
2013-07-23,0.026
2013-07-24,0.026
2013-07-25,0.026
2013-07-26,0.026
2013-07-29,0.026
2013-07-30,0.042
2013-07-31,0.042
2013-08-01,0.042
2013-08-02,0.042
2013-08-05,0.042
2013-08-06,0.05
2013-08-07,0.05
2013-08-08,0.05
2013-08-09,0.05
2013-08-12,0.05
2013-08-13,0.054
2013-08-14,0.054
2013-08-15,0.054
2013-08-16,0.054
2013-08-19,0.054
2013-08-20,0.036
2013-08-21,0.036
2013-08-22,0.036
2013-08-23,0.036
2013-08-26,0.036
2013-08-27,0.0325
2013-08-28,0.0325
2013-08-29,0.0325
2013-08-30,0.0325
2013-09-02,0.0325
2013-09-03,0.02
2013-09-04,0.02
2013-09-05,0.02
2013-09-06,0.02
2013-09-09,0.02
2013-09-10,0.016
2013-09-11,0.016
2013-09-12,0.016
2013-09-13,0.016
2013-09-16,0.016
2013-09-17,0.012
2013-09-18,0.012
2013-09-19,0.012
2013-09-20,0.012
2013-09-23,0.012
2013-09-24,0.016
2013-09-25,0.016
2013-09-26,0.016
2013-09-27,0.016
2013-09-30,0.016
2013-10-01,0.026
2013-10-02,0.026
2013-10-03,0.026
2013-10-04,0.026
2013-10-07,0.026
2013-10-08,0.0575
2013-10-09,0.0575
2013-10-10,0.0575
2013-10-11,0.0575
2013-10-14,0.0575
2013-10-15,0.074
2013-10-16,0.074
2013-10-17,0.074
2013-10-18,0.074
2013-10-21,0.074
2013-10-22,0.038
2013-10-23,0.038
2013-10-24,0.038
2013-10-25,0.038
2013-10-28,0.038
2013-10-29,0.042
2013-10-30,0.042
2013-10-31,0.042
2013-11-01,0.042
2013-11-04,0.042
2013-11-05,0.0525
2013-11-06,0.0525
2013-11-07,0.0525
2013-11-08,0.0525
2013-11-11,0.0525
2013-11-12,0.082
2013-11-13,0.082
2013-11-14,0.082
2013-11-15,0.082
2013-11-18,0.082
2013-11-19,0.076
2013-11-20,0.076
2013-11-21,0.076
2013-11-22,0.076
2013-11-25,0.076
2013-11-26,0.0625
2013-11-27,0.0625
2013-11-28,0.0625
2013-11-29,0.0625
2013-12-02,0.0625
2013-12-03,0.062
2013-12-04,0.062
2013-12-05,0.062
2013-12-06,0.062
2013-12-09,0.062
2013-12-10,0.07
2013-12-11,0.07
2013-12-12,0.07
2013-12-13,0.07
2013-12-16,0.07
2013-12-17,0.068
2013-12-18,0.068
2013-12-19,0.068
2013-12-20,0.068
2013-12-23,0.068
2013-12-24,0.07
2013-12-25,0.07
2013-12-26,0.07
2013-12-27,0.07
2013-12-30,0.07
2013-12-31,0.07
2014-01-01,0.0575
2014-01-02,0.0575
2014-01-03,0.0575
2014-01-06,0.0575
2014-01-07,0.0575
2014-01-08,0.042
2014-01-09,0.042
2014-01-10,0.042
2014-01-13,0.042
2014-01-14,0.042
2014-01-15,0.0425
2014-01-16,0.0425
2014-01-17,0.0425
2014-01-20,0.0425
2014-01-21,0.0425
2014-01-22,0.044
2014-01-23,0.044
2014-01-24,0.044
2014-01-27,0.044
2014-01-28,0.044
2014-01-29,0.038
2014-01-30,0.038
2014-01-31,0.038
2014-02-03,0.038
2014-02-04,0.038
2014-02-05,0.068
2014-02-06,0.068
2014-02-07,0.068
2014-02-10,0.068
2014-02-11,0.068
2014-02-12,0.0375
2014-02-13,0.0375
2014-02-14,0.0375
2014-02-17,0.0375
2014-02-18,0.0375
2014-02-19,0.052
2014-02-20,0.052
2014-02-21,0.052
2014-02-24,0.052
2014-02-25,0.052
2014-02-26,0.048
2014-02-27,0.048
2014-02-28,0.048
2014-03-03,0.048
2014-03-04,0.048
2014-03-05,0.054
2014-03-06,0.054
2014-03-07,0.054
2014-03-10,0.054
2014-03-11,0.054
2014-03-12,0.052
2014-03-13,0.052
2014-03-14,0.052
2014-03-17,0.052
2014-03-18,0.052
2014-03-19,0.058
2014-03-20,0.058
2014-03-21,0.058
2014-03-24,0.058
2014-03-25,0.058
2014-03-26,0.044
2014-03-27,0.044
2014-03-28,0.044
2014-03-31,0.044
2014-04-01,0.044
2014-04-02,0.026
2014-04-03,0.026
2014-04-04,0.026
2014-04-07,0.026
2014-04-08,0.026
2014-04-09,0.04
2014-04-10,0.04
2014-04-11,0.04
2014-04-14,0.04
2014-04-15,0.04
2014-04-16,0.035
2014-04-17,0.035
2014-04-18,0.035
2014-04-21,0.035
2014-04-22,0.035
2014-04-23,0.022
2014-04-24,0.022
2014-04-25,0.022
2014-04-28,0.022
2014-04-29,0.022
2014-04-30,0.028
2014-05-01,0.028
2014-05-02,0.028
2014-05-05,0.028
2014-05-06,0.028
2014-05-07,0.03
2014-05-08,0.03
2014-05-09,0.03
2014-05-12,0.03
2014-05-13,0.03
2014-05-14,0.03
2014-05-15,0.03
2014-05-16,0.03
2014-05-19,0.03
2014-05-20,0.03
2014-05-21,0.0375
2014-05-22,0.0375
2014-05-23,0.0375
2014-05-26,0.0375
2014-05-27,0.0375
2014-05-28,0.04
2014-05-29,0.04
2014-05-30,0.04
2014-06-02,0.04
2014-06-03,0.04
2014-06-04,0.04
2014-06-05,0.04
2014-06-06,0.04
2014-06-09,0.04
2014-06-10,0.04
2014-06-11,0.04
2014-06-12,0.04
2014-06-13,0.04
2014-06-16,0.04
2014-06-17,0.04
2014-06-18,0.026
2014-06-19,0.026
2014-06-20,0.026
2014-06-23,0.026
2014-06-24,0.026
2014-06-25,0.032
2014-06-26,0.032
2014-06-27,0.032
2014-06-30,0.032
2014-07-01,0.032
2014-07-02,0.025
2014-07-03,0.025
2014-07-04,0.025
2014-07-07,0.025
2014-07-08,0.025
2014-07-09,0.024
2014-07-10,0.024
2014-07-11,0.024
2014-07-14,0.024
2014-07-15,0.024
2014-07-16,0.024
2014-07-17,0.024
2014-07-18,0.024
2014-07-21,0.024
2014-07-22,0.024
2014-07-23,0.03
2014-07-24,0.03
2014-07-25,0.03
2014-07-28,0.03
2014-07-29,0.03
2014-07-30,0.034
2014-07-31,0.034
2014-08-01,0.034
2014-08-04,0.034
2014-08-05,0.034
2014-08-06,0.032
2014-08-07,0.032
2014-08-08,0.032
2014-08-11,0.032
2014-08-12,0.032
2014-08-13,0.034
2014-08-14,0.034
2014-08-15,0.034
2014-08-18,0.034
2014-08-19,0.034
2014-08-20,0.032
2014-08-21,0.032
2014-08-22,0.032
2014-08-25,0.032
2014-08-26,0.032
2014-08-27,0.0325
2014-08-28,0.0325
2014-08-29,0.0325
2014-09-01,0.0325
2014-09-02,0.0325
2014-09-03,0.026
2014-09-04,0.026
2014-09-05,0.026
2014-09-08,0.026
2014-09-09,0.026
2014-09-10,0.02
2014-09-11,0.02
2014-09-12,0.02
2014-09-15,0.02
2014-09-16,0.02
2014-09-17,0.016
2014-09-18,0.016
2014-09-19,0.016
2014-09-22,0.016
2014-09-23,0.016
2014-09-24,0.016
2014-09-25,0.016
2014-09-26,0.016
2014-09-29,0.016
2014-09-30,0.016
2014-10-01,0.016
2014-10-02,0.016
2014-10-03,0.016
2014-10-06,0.016
2014-10-07,0.016
2014-10-08,0.0125
2014-10-09,0.0125
2014-10-10,0.0125
2014-10-13,0.0125
2014-10-14,0.0125
2014-10-15,0.022
2014-10-16,0.022
2014-10-17,0.022
2014-10-20,0.022
2014-10-21,0.022
2014-10-22,0.016
2014-10-23,0.016
2014-10-24,0.016
2014-10-27,0.016
2014-10-28,0.016
2014-10-29,0.02
2014-10-30,0.02
2014-10-31,0.02
2014-11-03,0.02
2014-11-04,0.02
2014-11-05,0.0275
2014-11-06,0.0275
2014-11-07,0.0275
2014-11-10,0.0275
2014-11-11,0.0275
2014-11-12,0.022
2014-11-13,0.022
2014-11-14,0.022
2014-11-17,0.022
2014-11-18,0.022
2014-11-19,0.016
2014-11-20,0.016
2014-11-21,0.016
2014-11-24,0.016
2014-11-25,0.016
2014-11-26,0.025
2014-11-27,0.025
2014-11-28,0.025
2014-12-01,0.025
2014-12-02,0.025
2014-12-03,0.024
2014-12-04,0.024
2014-12-05,0.024
2014-12-08,0.024
2014-12-09,0.024
2014-12-10,0.03
2014-12-11,0.03
2014-12-12,0.03
2014-12-15,0.03
2014-12-16,0.03
2014-12-17,0.038
2014-12-18,0.038
2014-12-19,0.038
2014-12-22,0.038
2014-12-23,0.038
2014-12-24,0.02
2014-12-25,0.02
2014-12-26,0.02
2014-12-29,0.02
2014-12-30,0.02
2014-12-31,0.04
2015-01-01,0.0275
2015-01-02,0.0275
2015-01-05,0.0275
2015-01-06,0.0275
2015-01-07,0.0275
2015-01-08,0.03
2015-01-09,0.03
2015-01-12,0.03
2015-01-13,0.03
2015-01-14,0.03
2015-01-15,0.03
2015-01-16,0.03
2015-01-19,0.03
2015-01-20,0.03
2015-01-21,0.03
2015-01-22,0.024
2015-01-23,0.024
2015-01-26,0.024
2015-01-27,0.024
2015-01-28,0.024
2015-01-29,0.02
2015-01-30,0.02
2015-02-02,0.02
2015-02-03,0.02
2015-02-04,0.02
2015-02-05,0.014
2015-02-06,0.014
2015-02-09,0.014
2015-02-10,0.014
2015-02-11,0.014
2015-02-12,0.0175
2015-02-13,0.0175
2015-02-16,0.0175
2015-02-17,0.0175
2015-02-18,0.0175
2015-02-19,0.02
2015-02-20,0.02
2015-02-23,0.02
2015-02-24,0.02
2015-02-25,0.02
2015-02-26,0.02
2015-02-27,0.02
2015-03-02,0.02
2015-03-03,0.02
2015-03-04,0.02
2015-03-05,0.02
2015-03-06,0.02
2015-03-09,0.02
2015-03-10,0.02
2015-03-11,0.02
2015-03-12,0.038
2015-03-13,0.038
2015-03-16,0.038
2015-03-17,0.038
2015-03-18,0.038
2015-03-19,0.026
2015-03-20,0.026
2015-03-23,0.026
2015-03-24,0.026
2015-03-25,0.026
2015-03-26,0.034
2015-03-27,0.034
2015-03-30,0.034
2015-03-31,0.034
2015-04-01,0.034
2015-04-02,0.024
2015-04-03,0.024
2015-04-06,0.024
2015-04-07,0.024
2015-04-08,0.024
2015-04-09,0.024
2015-04-10,0.024
2015-04-13,0.024
2015-04-14,0.024
2015-04-15,0.024
2015-04-16,0.024
2015-04-17,0.024
2015-04-20,0.024
2015-04-21,0.024
2015-04-22,0.024
2015-04-23,0.022
2015-04-24,0.022
2015-04-27,0.022
2015-04-28,0.022
2015-04-29,0.022
2015-04-30,0.014
2015-05-01,0.014
2015-05-04,0.014
2015-05-05,0.014
2015-05-06,0.014
2015-05-07,0.018
2015-05-08,0.018
2015-05-11,0.018
2015-05-12,0.018
2015-05-13,0.018
2015-05-14,0.018
2015-05-15,0.018
2015-05-18,0.018
2015-05-19,0.018
2015-05-20,0.018
2015-05-21,0.0175
2015-05-22,0.0175
2015-05-25,0.0175
2015-05-26,0.0175
2015-05-27,0.0175
2015-05-28,0.014
2015-05-29,0.014
2015-06-01,0.014
2015-06-02,0.014
2015-06-03,0.014
2015-06-04,0.022
2015-06-05,0.022
2015-06-08,0.022
2015-06-09,0.022
2015-06-10,0.022
2015-06-11,0.014
2015-06-12,0.014
2015-06-15,0.014
2015-06-16,0.014
2015-06-17,0.014
2015-06-18,0.01
2015-06-19,0.01
2015-06-22,0.01
2015-06-23,0.01
2015-06-24,0.01
2015-06-25,0.012
2015-06-26,0.012
2015-06-29,0.012
2015-06-30,0.012
2015-07-01,0.012
2015-07-02,0.0175
2015-07-03,0.0175
2015-07-06,0.0175
2015-07-07,0.0175
2015-07-08,0.0175
2015-07-09,0.018
2015-07-10,0.018
2015-07-13,0.018
2015-07-14,0.018
2015-07-15,0.018
2015-07-16,0.032
2015-07-17,0.032
2015-07-20,0.032
2015-07-21,0.032
2015-07-22,0.032
2015-07-23,0.046
2015-07-24,0.046
2015-07-27,0.046
2015-07-28,0.046
2015-07-29,0.046
2015-07-30,0.078
2015-07-31,0.078
2015-08-03,0.078
2015-08-04,0.078
2015-08-05,0.078
2015-08-06,0.084
2015-08-07,0.084
2015-08-10,0.084
2015-08-11,0.084
2015-08-12,0.084
2015-08-13,0.082
2015-08-14,0.082
2015-08-17,0.082
2015-08-18,0.082
2015-08-19,0.082
2015-08-20,0.048
2015-08-21,0.048
2015-08-24,0.048
2015-08-25,0.048
2015-08-26,0.048
2015-08-27,0.052
2015-08-28,0.052
2015-08-31,0.052
2015-09-01,0.052
2015-09-02,0.052
2015-09-03,0.0325
2015-09-04,0.0325
2015-09-07,0.0325
2015-09-08,0.0325
2015-09-09,0.0325
2015-09-10,0.052
2015-09-11,0.052
2015-09-14,0.052
2015-09-15,0.052
2015-09-16,0.052
2015-09-17,0.002
2015-09-18,0.002
2015-09-21,0.002
2015-09-22,0.002
2015-09-23,0.002
2015-09-24,0.002
2015-09-25,0.002
2015-09-28,0.002
2015-09-29,0.002
2015-09-30,0.002
2015-10-01,-0.002
2015-10-02,-0.002
2015-10-05,-0.002
2015-10-06,-0.002
2015-10-07,-0.002
2015-10-08,0.0025
2015-10-09,0.0025
2015-10-12,0.0025
2015-10-13,0.0025
2015-10-14,0.0025
2015-10-15,0.014
2015-10-16,0.014
2015-10-19,0.014
2015-10-20,0.014
2015-10-21,0.014
2015-10-22,0.02
2015-10-23,0.02
2015-10-26,0.02
2015-10-27,0.02
2015-10-28,0.02
2015-10-29,0.068
2015-10-30,0.068
2015-11-02,0.068
2015-11-03,0.068
2015-11-04,0.068
2015-11-05,0.1
2015-11-06,0.1
2015-11-09,0.1
2015-11-10,0.1
2015-11-11,0.1
2015-11-12,0.136
2015-11-13,0.136
2015-11-16,0.136
2015-11-17,0.136
2015-11-18,0.136
2015-11-19,0.142
2015-11-20,0.142
2015-11-23,0.142
2015-11-24,0.142
2015-11-25,0.142
2015-11-26,0.2025
2015-11-27,0.2025
2015-11-30,0.2025
2015-12-01,0.2025
2015-12-02,0.2025
2015-12-03,0.25
2015-12-04,0.25
2015-12-07,0.25
2015-12-08,0.25
2015-12-09,0.25
2015-12-10,0.248
2015-12-11,0.248
2015-12-14,0.248
2015-12-15,0.248
2015-12-16,0.248
2015-12-17,0.214
2015-12-18,0.214
2015-12-21,0.214
2015-12-22,0.214
2015-12-23,0.214
2015-12-24,0.2175
2015-12-25,0.2175
2015-12-28,0.2175
2015-12-29,0.2175
2015-12-30,0.2175
2015-12-31,0.16
2016-01-01,0.2075
2016-01-04,0.2075
2016-01-05,0.2075
2016-01-06,0.2075
2016-01-07,0.2075
2016-01-08,0.218
2016-01-11,0.218
2016-01-12,0.218
2016-01-13,0.218
2016-01-14,0.218
2016-01-15,0.2575
2016-01-18,0.2575
2016-01-19,0.2575
2016-01-20,0.2575
2016-01-21,0.2575
2016-01-22,0.316
2016-01-25,0.316
2016-01-26,0.316
2016-01-27,0.316
2016-01-28,0.316
2016-01-29,0.326
2016-02-01,0.326
2016-02-02,0.326
2016-02-03,0.326
2016-02-04,0.326
2016-02-05,0.3
2016-02-08,0.3
2016-02-09,0.3
2016-02-10,0.3
2016-02-11,0.3
2016-02-12,0.2975
2016-02-15,0.2975
2016-02-16,0.2975
2016-02-17,0.2975
2016-02-18,0.2975
2016-02-19,0.32
2016-02-22,0.32
2016-02-23,0.32
2016-02-24,0.32
2016-02-25,0.32
2016-02-26,0.32
2016-02-29,0.32
2016-03-01,0.32
2016-03-02,0.32
2016-03-03,0.32
2016-03-04,0.3
2016-03-07,0.3
2016-03-08,0.3
2016-03-09,0.3
2016-03-10,0.3
2016-03-11,0.32
2016-03-14,0.32
2016-03-15,0.32
2016-03-16,0.32
2016-03-17,0.32
2016-03-18,0.298
2016-03-21,0.298
2016-03-22,0.298
2016-03-23,0.298
2016-03-24,0.298
2016-03-25,0.2325
2016-03-28,0.2325
2016-03-29,0.2325
2016-03-30,0.2325
2016-03-31,0.2325
2016-04-01,0.23
2016-04-04,0.23
2016-04-05,0.23
2016-04-06,0.23
2016-04-07,0.23
2016-04-08,0.226
2016-04-11,0.226
2016-04-12,0.226
2016-04-13,0.226
2016-04-14,0.226
2016-04-15,0.222
2016-04-18,0.222
2016-04-19,0.222
2016-04-20,0.222
2016-04-21,0.222
2016-04-22,0.236
2016-04-25,0.236
2016-04-26,0.236
2016-04-27,0.236
2016-04-28,0.236
2016-04-29,0.208
2016-05-02,0.208
2016-05-03,0.208
2016-05-04,0.208
2016-05-05,0.208
2016-05-06,0.24
2016-05-09,0.24
2016-05-10,0.24
2016-05-11,0.24
2016-05-12,0.24
2016-05-13,0.288
2016-05-16,0.288
2016-05-17,0.288
2016-05-18,0.288
2016-05-19,0.288
2016-05-20,0.33
2016-05-23,0.33
2016-05-24,0.33
2016-05-25,0.33
2016-05-26,0.33
2016-05-27,0.3075
2016-05-30,0.3075
2016-05-31,0.3075
2016-06-01,0.3075
2016-06-02,0.3075
2016-06-03,0.268
2016-06-06,0.268
2016-06-07,0.268
2016-06-08,0.268
2016-06-09,0.268
2016-06-10,0.264
2016-06-13,0.264
2016-06-14,0.264
2016-06-15,0.264
2016-06-16,0.264
2016-06-17,0.276
2016-06-20,0.276
2016-06-21,0.276
2016-06-22,0.276
2016-06-23,0.276
2016-06-24,0.262
2016-06-27,0.262
2016-06-28,0.262
2016-06-29,0.262
2016-06-30,0.262
2016-07-01,0.2775
2016-07-04,0.2775
2016-07-05,0.2775
2016-07-06,0.2775
2016-07-07,0.2775
2016-07-08,0.298
2016-07-11,0.298
2016-07-12,0.298
2016-07-13,0.298
2016-07-14,0.298
2016-07-15,0.314
2016-07-18,0.314
2016-07-19,0.314
2016-07-20,0.314
2016-07-21,0.314
2016-07-22,0.302
2016-07-25,0.302
2016-07-26,0.302
2016-07-27,0.302
2016-07-28,0.302
2016-07-29,0.278
2016-08-01,0.278
2016-08-02,0.278
2016-08-03,0.278
2016-08-04,0.278
2016-08-05,0.286
2016-08-08,0.286
2016-08-09,0.286
2016-08-10,0.286
2016-08-11,0.286
2016-08-12,0.29
2016-08-15,0.29
2016-08-16,0.29
2016-08-17,0.29
2016-08-18,0.29
2016-08-19,0.304
2016-08-22,0.304
2016-08-23,0.304
2016-08-24,0.304
2016-08-25,0.304
2016-08-26,0.33
2016-08-29,0.33
2016-08-30,0.33
2016-08-31,0.33
2016-09-01,0.33
2016-09-02,0.33
2016-09-05,0.33
2016-09-06,0.33
2016-09-07,0.33
2016-09-08,0.33
2016-09-09,0.338
2016-09-12,0.338
2016-09-13,0.338
2016-09-14,0.338
2016-09-15,0.338
2016-09-16,0.258
2016-09-19,0.258
2016-09-20,0.258
2016-09-21,0.258
2016-09-22,0.258
2016-09-23,0.244
2016-09-26,0.244
2016-09-27,0.244
2016-09-28,0.244
2016-09-29,0.244
2016-09-30,0.314
2016-10-03,0.314
2016-10-04,0.314
2016-10-05,0.314
2016-10-06,0.314
2016-10-07,0.33
2016-10-10,0.33
2016-10-11,0.33
2016-10-12,0.33
2016-10-13,0.33
2016-10-14,0.334
2016-10-17,0.334
2016-10-18,0.334
2016-10-19,0.334
2016-10-20,0.334
2016-10-21,0.324
2016-10-24,0.324
2016-10-25,0.324
2016-10-26,0.324
2016-10-27,0.324
2016-10-28,0.342
2016-10-31,0.342
2016-11-01,0.342
2016-11-02,0.342
2016-11-03,0.342
2016-11-04,0.424
2016-11-07,0.424
2016-11-08,0.424
2016-11-09,0.424
2016-11-10,0.424
2016-11-11,0.4825
2016-11-14,0.4825
2016-11-15,0.4825
2016-11-16,0.4825
2016-11-17,0.4825
2016-11-18,0.4675
2016-11-21,0.4675
2016-11-22,0.4675
2016-11-23,0.4675
2016-11-24,0.4675
2016-11-25,0.478
2016-11-28,0.478
2016-11-29,0.478
2016-11-30,0.478
2016-12-01,0.478
2016-12-02,0.494
2016-12-05,0.494
2016-12-06,0.494
2016-12-07,0.494
2016-12-08,0.494
2016-12-09,0.524
2016-12-12,0.524
2016-12-13,0.524
2016-12-14,0.524
2016-12-15,0.524
2016-12-16,0.51
2016-12-19,0.51
2016-12-20,0.51
2016-12-21,0.51
2016-12-22,0.51
2016-12-23,0.5
2016-12-26,0.5
2016-12-27,0.5
2016-12-28,0.5
2016-12-29,0.5
2016-12-30,0.5
2017-01-02,0.52
2017-01-03,0.52
2017-01-04,0.52
2017-01-05,0.52
2017-01-06,0.52
2017-01-09,0.51
2017-01-10,0.51
2017-01-11,0.51
2017-01-12,0.51
2017-01-13,0.51
2017-01-16,0.515
2017-01-17,0.515
2017-01-18,0.515
2017-01-19,0.515
2017-01-20,0.515
2017-01-23,0.502
2017-01-24,0.502
2017-01-25,0.502
2017-01-26,0.502
2017-01-27,0.502
2017-01-30,0.508
2017-01-31,0.508
2017-02-01,0.508
2017-02-02,0.508
2017-02-03,0.508
2017-02-06,0.532
2017-02-07,0.532
2017-02-08,0.532
2017-02-09,0.532
2017-02-10,0.532
2017-02-13,0.526
2017-02-14,0.526
2017-02-15,0.526
2017-02-16,0.526
2017-02-17,0.526
2017-02-20,0.5175
2017-02-21,0.5175
2017-02-22,0.5175
2017-02-23,0.5175
2017-02-24,0.5175
2017-02-27,0.602
2017-02-28,0.602
2017-03-01,0.602
2017-03-02,0.602
2017-03-03,0.602
2017-03-06,0.73
2017-03-07,0.73
2017-03-08,0.73
2017-03-09,0.73
2017-03-10,0.73
2017-03-13,0.742
2017-03-14,0.742
2017-03-15,0.742
2017-03-16,0.742
2017-03-17,0.742
2017-03-20,0.758
2017-03-21,0.758
2017-03-22,0.758
2017-03-23,0.758
2017-03-24,0.758
2017-03-27,0.766
2017-03-28,0.766
2017-03-29,0.766
2017-03-30,0.766
2017-03-31,0.766
2017-04-03,0.788
2017-04-04,0.788
2017-04-05,0.788
2017-04-06,0.788
2017-04-07,0.788
2017-04-10,0.805
2017-04-11,0.805
2017-04-12,0.805
2017-04-13,0.805
2017-04-14,0.805
2017-04-17,0.798
2017-04-18,0.798
2017-04-19,0.798
2017-04-20,0.798
2017-04-21,0.798
2017-04-24,0.804
2017-04-25,0.804
2017-04-26,0.804
2017-04-27,0.804
2017-04-28,0.804
2017-05-01,0.838
2017-05-02,0.838
2017-05-03,0.838
2017-05-04,0.838
2017-05-05,0.838
2017-05-08,0.884
2017-05-09,0.884
2017-05-10,0.884
2017-05-11,0.884
2017-05-12,0.884
2017-05-15,0.896
2017-05-16,0.896
2017-05-17,0.896
2017-05-18,0.896
2017-05-19,0.896
2017-05-22,0.918
2017-05-23,0.918
2017-05-24,0.918
2017-05-25,0.918
2017-05-26,0.918
2017-05-29,0.95
2017-05-30,0.95
2017-05-31,0.95
2017-06-01,0.95
2017-06-02,0.95
2017-06-05,0.974
2017-06-06,0.974
2017-06-07,0.974
2017-06-08,0.974
2017-06-09,0.974
2017-06-12,0.992
2017-06-13,0.992
2017-06-14,0.992
2017-06-15,0.992
2017-06-16,0.992
2017-06-19,0.974
2017-06-20,0.974
2017-06-21,0.974
2017-06-22,0.974
2017-06-23,0.974
2017-06-26,1
2017-06-27,1
2017-06-28,1
2017-06-29,1
2017-06-30,1
2017-07-03,1.03
2017-07-04,1.03
2017-07-05,1.03
2017-07-06,1.03
2017-07-07,1.03
2017-07-10,1.028
2017-07-11,1.028
2017-07-12,1.028
2017-07-13,1.028
2017-07-14,1.028
2017-07-17,1.092
2017-07-18,1.092
2017-07-19,1.092
2017-07-20,1.092
2017-07-21,1.092
2017-07-24,1.114
2017-07-25,1.114
2017-07-26,1.114
2017-07-27,1.114
2017-07-28,1.114
2017-07-31,1.058
2017-08-01,1.058
2017-08-02,1.058
2017-08-03,1.058
2017-08-04,1.058
2017-08-07,1.026
2017-08-08,1.026
2017-08-09,1.026
2017-08-10,1.026
2017-08-11,1.026
2017-08-14,1.002
2017-08-15,1.002
2017-08-16,1.002
2017-08-17,1.002
2017-08-18,1.002
2017-08-21,0.994
2017-08-22,0.994
2017-08-23,0.994
2017-08-24,0.994
2017-08-25,0.994
2017-08-28,0.996
2017-08-29,0.996
2017-08-30,0.996
2017-08-31,0.996
2017-09-01,0.996
2017-09-04,1.0275
2017-09-05,1.0275
2017-09-06,1.0275
2017-09-07,1.0275
2017-09-08,1.0275
2017-09-11,1.028
2017-09-12,1.028
2017-09-13,1.028
2017-09-14,1.028
2017-09-15,1.028
2017-09-18,1.024
2017-09-19,1.024
2017-09-20,1.024
2017-09-21,1.024
2017-09-22,1.024
2017-09-25,1.044
2017-09-26,1.044
2017-09-27,1.044
2017-09-28,1.044
2017-09-29,1.044
2017-10-02,1.042
2017-10-03,1.042
2017-10-04,1.042
2017-10-05,1.042
2017-10-06,1.042
2017-10-09,1.07
2017-10-10,1.07
2017-10-11,1.07
2017-10-12,1.07
2017-10-13,1.07
2017-10-16,1.08
2017-10-17,1.08
2017-10-18,1.08
2017-10-19,1.08
2017-10-20,1.08
2017-10-23,1.09
2017-10-24,1.09
2017-10-25,1.09
2017-10-26,1.09
2017-10-27,1.09
2017-10-30,1.14
2017-10-31,1.14
2017-11-01,1.14
2017-11-02,1.14
2017-11-03,1.14
2017-11-06,1.202
2017-11-07,1.202
2017-11-08,1.202
2017-11-09,1.202
2017-11-10,1.202
2017-11-13,1.24
2017-11-14,1.24
2017-11-15,1.24
2017-11-16,1.24
2017-11-17,1.24
2017-11-20,1.2725
2017-11-21,1.2725
2017-11-22,1.2725
2017-11-23,1.2725
2017-11-24,1.2725
2017-11-27,1.26
2017-11-28,1.26
2017-11-29,1.26
2017-11-30,1.26
2017-12-01,1.26
2017-12-04,1.274
2017-12-05,1.274
2017-12-06,1.274
2017-12-07,1.274
2017-12-08,1.274
2017-12-11,1.3
2017-12-12,1.3
2017-12-13,1.3
2017-12-14,1.3
2017-12-15,1.3
2017-12-18,1.342
2017-12-19,1.342
2017-12-20,1.342
2017-12-21,1.342
2017-12-22,1.342
2017-12-25,1.4025
2017-12-26,1.4025
2017-12-27,1.4025
2017-12-28,1.4025
2017-12-29,1.4025
2018-01-01,1.3925
2018-01-02,1.3925
2018-01-03,1.3925
2018-01-04,1.3925
2018-01-05,1.3925
2018-01-08,1.414
2018-01-09,1.414
2018-01-10,1.414
2018-01-11,1.414
2018-01-12,1.414
2018-01-15,1.425
2018-01-16,1.425
2018-01-17,1.425
2018-01-18,1.425
2018-01-19,1.425
2018-01-22,1.41
2018-01-23,1.41
2018-01-24,1.41
2018-01-25,1.41
2018-01-26,1.41
2018-01-29,1.442
2018-01-30,1.442
2018-01-31,1.442
2018-02-01,1.442
2018-02-02,1.442
2018-02-05,1.516
2018-02-06,1.516
2018-02-07,1.516
2018-02-08,1.516
2018-02-09,1.516
2018-02-12,1.578
2018-02-13,1.578
2018-02-14,1.578
2018-02-15,1.578
2018-02-16,1.578
2018-02-19,1.62
2018-02-20,1.62
2018-02-21,1.62
2018-02-22,1.62
2018-02-23,1.62
2018-02-26,1.628
2018-02-27,1.628
2018-02-28,1.628
2018-03-01,1.628
2018-03-02,1.628
2018-03-05,1.65
2018-03-06,1.65
2018-03-07,1.65
2018-03-08,1.65
2018-03-09,1.65
2018-03-12,1.72
2018-03-13,1.72
2018-03-14,1.72
2018-03-15,1.72
2018-03-16,1.72
2018-03-19,1.732
2018-03-20,1.732
2018-03-21,1.732
2018-03-22,1.732
2018-03-23,1.732
2018-03-26,1.725
2018-03-27,1.725
2018-03-28,1.725
2018-03-29,1.725
2018-03-30,1.725
2018-04-02,1.706
2018-04-03,1.706
2018-04-04,1.706
2018-04-05,1.706
2018-04-06,1.706
2018-04-09,1.718
2018-04-10,1.718
2018-04-11,1.718
2018-04-12,1.718
2018-04-13,1.718
2018-04-16,1.776
2018-04-17,1.776
2018-04-18,1.776
2018-04-19,1.776
2018-04-20,1.776
2018-04-23,1.814
2018-04-24,1.814
2018-04-25,1.814
2018-04-26,1.814
2018-04-27,1.814
2018-04-30,1.814
2018-05-01,1.814
2018-05-02,1.814
2018-05-03,1.814
2018-05-04,1.814
2018-05-07,1.852
2018-05-08,1.852
2018-05-09,1.852
2018-05-10,1.852
2018-05-11,1.852
2018-05-14,1.884
2018-05-15,1.884
2018-05-16,1.884
2018-05-17,1.884
2018-05-18,1.884
2018-05-21,1.882
2018-05-22,1.882
2018-05-23,1.882
2018-05-24,1.882
2018-05-25,1.882
2018-05-28,1.8925
2018-05-29,1.8925
2018-05-30,1.8925
2018-05-31,1.8925
2018-06-01,1.8925
2018-06-04,1.904
2018-06-05,1.904
2018-06-06,1.904
2018-06-07,1.904
2018-06-08,1.904
2018-06-11,1.9
2018-06-12,1.9
2018-06-13,1.9
2018-06-14,1.9
2018-06-15,1.9
2018-06-18,1.902
2018-06-19,1.902
2018-06-20,1.902
2018-06-21,1.902
2018-06-22,1.902
2018-06-25,1.894
2018-06-26,1.894
2018-06-27,1.894
2018-06-28,1.894
2018-06-29,1.894
2018-07-02,1.935
2018-07-03,1.935
2018-07-04,1.935
2018-07-05,1.935
2018-07-06,1.935
2018-07-09,1.942
2018-07-10,1.942
2018-07-11,1.942
2018-07-12,1.942
2018-07-13,1.942
2018-07-16,1.966
2018-07-17,1.966
2018-07-18,1.966
2018-07-19,1.966
2018-07-20,1.966
2018-07-23,1.964
2018-07-24,1.964
2018-07-25,1.964
2018-07-26,1.964
2018-07-27,1.964
2018-07-30,1.988
2018-07-31,1.988
2018-08-01,1.988
2018-08-02,1.988
2018-08-03,1.988
2018-08-06,2.018
2018-08-07,2.018
2018-08-08,2.018
2018-08-09,2.018
2018-08-10,2.018
2018-08-13,2.028
2018-08-14,2.028
2018-08-15,2.028
2018-08-16,2.028
2018-08-17,2.028
2018-08-20,2.042
2018-08-21,2.042
2018-08-22,2.042
2018-08-23,2.042
2018-08-24,2.042
2018-08-27,2.08
2018-08-28,2.08
2018-08-29,2.08
2018-08-30,2.08
2018-08-31,2.08
2018-09-03,2.095
2018-09-04,2.095
2018-09-05,2.095
2018-09-06,2.095
2018-09-07,2.095
2018-09-10,2.114
2018-09-11,2.114
2018-09-12,2.114
2018-09-13,2.114
2018-09-14,2.114
2018-09-17,2.13
2018-09-18,2.13
2018-09-19,2.13
2018-09-20,2.13
2018-09-21,2.13
2018-09-24,2.16
2018-09-25,2.16
2018-09-26,2.16
2018-09-27,2.16
2018-09-28,2.16
2018-10-01,2.186
2018-10-02,2.186
2018-10-03,2.186
2018-10-04,2.186
2018-10-05,2.186
2018-10-08,2.2225
2018-10-09,2.2225
2018-10-10,2.2225
2018-10-11,2.2225
2018-10-12,2.2225
2018-10-15,2.266
2018-10-16,2.266
2018-10-17,2.266
2018-10-18,2.266
2018-10-19,2.266
2018-10-22,2.29
2018-10-23,2.29
2018-10-24,2.29
2018-10-25,2.29
2018-10-26,2.29
2018-10-29,2.286
2018-10-30,2.286
2018-10-31,2.286
2018-11-01,2.286
2018-11-02,2.286
2018-11-05,2.312
2018-11-06,2.312
2018-11-07,2.312
2018-11-08,2.312
2018-11-09,2.312
2018-11-12,2.325
2018-11-13,2.325
2018-11-14,2.325
2018-11-15,2.325
2018-11-16,2.325
2018-11-19,2.35
2018-11-20,2.35
2018-11-21,2.35
2018-11-22,2.35
2018-11-23,2.35
2018-11-26,2.344
2018-11-27,2.344
2018-11-28,2.344
2018-11-29,2.344
2018-11-30,2.344
2018-12-03,2.3575
2018-12-04,2.3575
2018-12-05,2.3575
2018-12-06,2.3575
2018-12-07,2.3575
2018-12-10,2.376
2018-12-11,2.376
2018-12-12,2.376
2018-12-13,2.376
2018-12-14,2.376
2018-12-17,2.346
2018-12-18,2.346
2018-12-19,2.346
2018-12-20,2.346
2018-12-21,2.346
2018-12-24,2.3775
2018-12-25,2.3775
2018-12-26,2.3775
2018-12-27,2.3775
2018-12-28,2.3775
2018-12-31,2.4
2019-01-01,2.3775
2019-01-02,2.3775
2019-01-03,2.3775
2019-01-04,2.3775
2019-01-07,2.3775
2019-01-08,2.394
2019-01-09,2.394
2019-01-10,2.394
2019-01-11,2.394
2019-01-14,2.394
2019-01-15,2.3775
2019-01-16,2.3775
2019-01-17,2.3775
2019-01-18,2.3775
2019-01-21,2.3775
2019-01-22,2.354
2019-01-23,2.354
2019-01-24,2.354
2019-01-25,2.354
2019-01-28,2.354
2019-01-29,2.364
2019-01-30,2.364
2019-01-31,2.364
2019-02-01,2.364
2019-02-04,2.364
2019-02-05,2.378
2019-02-06,2.378
2019-02-07,2.378
2019-02-08,2.378
2019-02-11,2.378
2019-02-12,2.3825
2019-02-13,2.3825
2019-02-14,2.3825
2019-02-15,2.3825
2019-02-18,2.3825
2019-02-19,2.408
2019-02-20,2.408
2019-02-21,2.408
2019-02-22,2.408
2019-02-25,2.408
2019-02-26,2.4
2019-02-27,2.4
2019-02-28,2.4
2019-03-01,2.4
2019-03-04,2.4
2019-03-05,2.408
2019-03-06,2.408
2019-03-07,2.408
2019-03-08,2.408
2019-03-11,2.408
2019-03-12,2.4
2019-03-13,2.4
2019-03-14,2.4
2019-03-15,2.4
2019-03-18,2.4
2019-03-19,2.416
2019-03-20,2.416
2019-03-21,2.416
2019-03-22,2.416
2019-03-25,2.416
2019-03-26,2.382
2019-03-27,2.382
2019-03-28,2.382
2019-03-29,2.382
2019-04-01,2.382
2019-04-02,2.384
2019-04-03,2.384
2019-04-04,2.384
2019-04-05,2.384
2019-04-08,2.384
2019-04-09,2.38
2019-04-10,2.38
2019-04-11,2.38
2019-04-12,2.38
2019-04-15,2.38
2019-04-16,2.3825
2019-04-17,2.3825
2019-04-18,2.3825
2019-04-19,2.3825
2019-04-22,2.3825
2019-04-23,2.386
2019-04-24,2.386
2019-04-25,2.386
2019-04-26,2.386
2019-04-29,2.386
2019-04-30,2.388
2019-05-01,2.388
2019-05-02,2.388
2019-05-03,2.388
2019-05-06,2.388
2019-05-07,2.376
2019-05-08,2.376
2019-05-09,2.376
2019-05-10,2.376
2019-05-13,2.376
2019-05-14,2.352
2019-05-15,2.352
2019-05-16,2.352
2019-05-17,2.352
2019-05-20,2.352
2019-05-21,2.3225
2019-05-22,2.3225
2019-05-23,2.3225
2019-05-24,2.3225
2019-05-27,2.3225
2019-05-28,2.314
2019-05-29,2.314
2019-05-30,2.314
2019-05-31,2.314
2019-06-03,2.314
2019-06-04,2.27
2019-06-05,2.27
2019-06-06,2.27
2019-06-07,2.27
2019-06-10,2.27
2019-06-11,2.176
2019-06-12,2.176
2019-06-13,2.176
2019-06-14,2.176
2019-06-17,2.176
2019-06-18,2.108
2019-06-19,2.108
2019-06-20,2.108
2019-06-21,2.108
2019-06-24,2.108
2019-06-25,2.1
2019-06-26,2.1
2019-06-27,2.1
2019-06-28,2.1
2019-07-01,2.1
2019-07-02,2.175
2019-07-03,2.175
2019-07-04,2.175
2019-07-05,2.175
2019-07-08,2.175
2019-07-09,2.138
2019-07-10,2.138
2019-07-11,2.138
2019-07-12,2.138
2019-07-15,2.138
2019-07-16,2.052
2019-07-17,2.052
2019-07-18,2.052
2019-07-19,2.052
2019-07-22,2.052
2019-07-23,2.056
2019-07-24,2.056
2019-07-25,2.056
2019-07-26,2.056
2019-07-29,2.056
2019-07-30,2.026
2019-07-31,2.026
2019-08-01,2.026
2019-08-02,2.026
2019-08-05,2.026
2019-08-06,1.978
2019-08-07,1.978
2019-08-08,1.978
2019-08-09,1.978
2019-08-12,1.978
2019-08-13,1.896
2019-08-14,1.896
2019-08-15,1.896
2019-08-16,1.896
2019-08-19,1.896
2019-08-20,1.936
2019-08-21,1.936
2019-08-22,1.936
2019-08-23,1.936
2019-08-26,1.936
2019-08-27,1.9475
2019-08-28,1.9475
2019-08-29,1.9475
2019-08-30,1.9475
2019-09-02,1.9475
2019-09-03,1.928
2019-09-04,1.928
2019-09-05,1.928
2019-09-06,1.928
2019-09-09,1.928
2019-09-10,1.922
2019-09-11,1.922
2019-09-12,1.922
2019-09-13,1.922
2019-09-16,1.922
2019-09-17,1.904
2019-09-18,1.904
2019-09-19,1.904
2019-09-20,1.904
2019-09-23,1.904
2019-09-24,1.824
2019-09-25,1.824
2019-09-26,1.824
2019-09-27,1.824
2019-09-30,1.824
2019-10-01,1.718
2019-10-02,1.718
2019-10-03,1.718
2019-10-04,1.718
2019-10-07,1.718
2019-10-08,1.66
2019-10-09,1.66
2019-10-10,1.66
2019-10-11,1.66
2019-10-14,1.66
2019-10-15,1.634
2019-10-16,1.634
2019-10-17,1.634
2019-10-18,1.634
2019-10-21,1.634
2019-10-22,1.626
2019-10-23,1.626
2019-10-24,1.626
2019-10-25,1.626
2019-10-28,1.626
2019-10-29,1.538
2019-10-30,1.538
2019-10-31,1.538
2019-11-01,1.538
2019-11-04,1.538
2019-11-05,1.5275
2019-11-06,1.5275
2019-11-07,1.5275
2019-11-08,1.5275
2019-11-11,1.5275
2019-11-12,1.544
2019-11-13,1.544
2019-11-14,1.544
2019-11-15,1.544
2019-11-18,1.544
2019-11-19,1.552
2019-11-20,1.552
2019-11-21,1.552
2019-11-22,1.552
2019-11-25,1.552
2019-11-26,1.5725
2019-11-27,1.5725
2019-11-28,1.5725
2019-11-29,1.5725
2019-12-02,1.5725
2019-12-03,1.516
2019-12-04,1.516
2019-12-05,1.516
2019-12-06,1.516
2019-12-09,1.516
2019-12-10,1.536
2019-12-11,1.536
2019-12-12,1.536
2019-12-13,1.536
2019-12-16,1.536
2019-12-17,1.542
2019-12-18,1.542
2019-12-19,1.542
2019-12-20,1.542
2019-12-23,1.542
2019-12-24,1.545
2019-12-25,1.545
2019-12-26,1.545
2019-12-27,1.545
2019-12-30,1.545
2019-12-31,1.52
2020-01-01,1.51
2020-01-02,1.51
2020-01-03,1.51
2020-01-06,1.51
2020-01-07,1.51
2020-01-08,1.522
2020-01-09,1.522
2020-01-10,1.522
2020-01-13,1.522
2020-01-14,1.522
2020-01-15,1.53
2020-01-16,1.53
2020-01-17,1.53
2020-01-20,1.53
2020-01-21,1.53
2020-01-22,1.522
2020-01-23,1.522
2020-01-24,1.522
2020-01-27,1.522
2020-01-28,1.522
2020-01-29,1.534
2020-01-30,1.534
2020-01-31,1.534
2020-02-03,1.534
2020-02-04,1.534
2020-02-05,1.54
2020-02-06,1.54
2020-02-07,1.54
2020-02-10,1.54
2020-02-11,1.54
2020-02-12,1.5525
2020-02-13,1.5525
2020-02-14,1.5525
2020-02-17,1.5525
2020-02-18,1.5525
2020-02-19,1.526
2020-02-20,1.526
2020-02-21,1.526
2020-02-24,1.526
2020-02-25,1.526
2020-02-26,1.24
2020-02-27,1.24
2020-02-28,1.24
2020-03-02,1.24
2020-03-03,1.24
2020-03-04,0.504
2020-03-05,0.504
2020-03-06,0.504
2020-03-09,0.504
2020-03-10,0.504
2020-03-11,0.288
2020-03-12,0.288
2020-03-13,0.288
2020-03-16,0.288
2020-03-17,0.288
2020-03-18,0.028
2020-03-19,0.028
2020-03-20,0.028
2020-03-23,0.028
2020-03-24,0.028
2020-03-25,0.034
2020-03-26,0.034
2020-03-27,0.034
2020-03-30,0.034
2020-03-31,0.034
2020-04-01,0.114
2020-04-02,0.114
2020-04-03,0.114
2020-04-06,0.114
2020-04-07,0.114
2020-04-08,0.2325
2020-04-09,0.2325
2020-04-10,0.2325
2020-04-13,0.2325
2020-04-14,0.2325
2020-04-15,0.126
2020-04-16,0.126
2020-04-17,0.126
2020-04-20,0.126
2020-04-21,0.126
2020-04-22,0.116
2020-04-23,0.116
2020-04-24,0.116
2020-04-27,0.116
2020-04-28,0.116
2020-04-29,0.114
2020-04-30,0.114
2020-05-01,0.114
2020-05-04,0.114
2020-05-05,0.114
2020-05-06,0.12
2020-05-07,0.12
2020-05-08,0.12
2020-05-11,0.12
2020-05-12,0.12
2020-05-13,0.126
2020-05-14,0.126
2020-05-15,0.126
2020-05-18,0.126
2020-05-19,0.126
2020-05-20,0.125
2020-05-21,0.125
2020-05-22,0.125
2020-05-25,0.125
2020-05-26,0.125
2020-05-27,0.146
2020-05-28,0.146
2020-05-29,0.146
2020-06-01,0.146
2020-06-02,0.146
2020-06-03,0.164
2020-06-04,0.164
2020-06-05,0.164
2020-06-08,0.164
2020-06-09,0.164
2020-06-10,0.17
2020-06-11,0.17
2020-06-12,0.17
2020-06-15,0.17
2020-06-16,0.17
2020-06-17,0.16
2020-06-18,0.16
2020-06-19,0.16
2020-06-22,0.16
2020-06-23,0.16
2020-06-24,0.15
2020-06-25,0.15
2020-06-26,0.15
2020-06-29,0.15
2020-06-30,0.15
2020-07-01,0.145
2020-07-02,0.145
2020-07-03,0.145
2020-07-06,0.145
2020-07-07,0.145
2020-07-08,0.14
2020-07-09,0.14
2020-07-10,0.14
2020-07-13,0.14
2020-07-14,0.14
2020-07-15,0.128
2020-07-16,0.128
2020-07-17,0.128
2020-07-20,0.128
2020-07-21,0.128
2020-07-22,0.116
2020-07-23,0.116
2020-07-24,0.116
2020-07-27,0.116
2020-07-28,0.116
2020-07-29,0.096
2020-07-30,0.096
2020-07-31,0.096
2020-08-03,0.096
2020-08-04,0.096
2020-08-05,0.104
2020-08-06,0.104
2020-08-07,0.104
2020-08-10,0.104
2020-08-11,0.104
2020-08-12,0.1
2020-08-13,0.1
2020-08-14,0.1
2020-08-17,0.1
2020-08-18,0.1
2020-08-19,0.11
2020-08-20,0.11
2020-08-21,0.11
2020-08-24,0.11
2020-08-25,0.11
2020-08-26,0.11
2020-08-27,0.11
2020-08-28,0.11
2020-08-31,0.11
2020-09-01,0.11
2020-09-02,0.1175
2020-09-03,0.1175
2020-09-04,0.1175
2020-09-07,0.1175
2020-09-08,0.1175
2020-09-09,0.114
2020-09-10,0.114
2020-09-11,0.114
2020-09-14,0.114
2020-09-15,0.114
2020-09-16,0.102
2020-09-17,0.102
2020-09-18,0.102
2020-09-21,0.102
2020-09-22,0.102
2020-09-23,0.102
2020-09-24,0.102
2020-09-25,0.102
2020-09-28,0.102
2020-09-29,0.102
2020-09-30,0.096
2020-10-01,0.096
2020-10-02,0.096
2020-10-05,0.096
2020-10-06,0.096
2020-10-07,0.1
2020-10-08,0.1
2020-10-09,0.1
2020-10-12,0.1
2020-10-13,0.1
2020-10-14,0.11
2020-10-15,0.11
2020-10-16,0.11
2020-10-19,0.11
2020-10-20,0.11
2020-10-21,0.1
2020-10-22,0.1
2020-10-23,0.1
2020-10-26,0.1
2020-10-27,0.1
2020-10-28,0.094
2020-10-29,0.094
2020-10-30,0.094
2020-11-02,0.094
2020-11-03,0.094
2020-11-04,0.102
2020-11-05,0.102
2020-11-06,0.102
2020-11-09,0.102
2020-11-10,0.102
2020-11-11,0.0925
2020-11-12,0.0925
2020-11-13,0.0925
2020-11-16,0.0925
2020-11-17,0.0925
2020-11-18,0.08
2020-11-19,0.08
2020-11-20,0.08
2020-11-23,0.08
2020-11-24,0.08
2020-11-25,0.0875
2020-11-26,0.0875
2020-11-27,0.0875
2020-11-30,0.0875
2020-12-01,0.0875
2020-12-02,0.086
2020-12-03,0.086
2020-12-04,0.086
2020-12-07,0.086
2020-12-08,0.086
2020-12-09,0.082
2020-12-10,0.082
2020-12-11,0.082
2020-12-14,0.082
2020-12-15,0.082
2020-12-16,0.086
2020-12-17,0.086
2020-12-18,0.086
2020-12-21,0.086
2020-12-22,0.086
2020-12-23,0.0975
2020-12-24,0.0975
2020-12-25,0.0975
2020-12-28,0.0975
2020-12-29,0.0975
2020-12-30,0.085
2020-12-31,0.085
2021-01-01,0.09
2021-01-04,0.09
2021-01-05,0.09
2021-01-06,0.09
2021-01-07,0.09
2021-01-08,0.086
2021-01-11,0.086
2021-01-12,0.086
2021-01-13,0.086
2021-01-14,0.086
2021-01-15,0.0875
2021-01-18,0.0875
2021-01-19,0.0875
2021-01-20,0.0875
2021-01-21,0.0875
2021-01-22,0.078
2021-01-25,0.078
2021-01-26,0.078
2021-01-27,0.078
2021-01-28,0.078
2021-01-29,0.056
2021-02-01,0.056
2021-02-02,0.056
2021-02-03,0.056
2021-02-04,0.056
2021-02-05,0.044
2021-02-08,0.044
2021-02-09,0.044
2021-02-10,0.044
2021-02-11,0.044
2021-02-12,0.0375
2021-02-15,0.0375
2021-02-16,0.0375
2021-02-17,0.0375
2021-02-18,0.0375
2021-02-19,0.036
2021-02-22,0.036
2021-02-23,0.036
2021-02-24,0.036
2021-02-25,0.036
2021-02-26,0.044
2021-03-01,0.044
2021-03-02,0.044
2021-03-03,0.044
2021-03-04,0.044
2021-03-05,0.044
2021-03-08,0.044
2021-03-09,0.044
2021-03-10,0.044
2021-03-11,0.044
2021-03-12,0.026
2021-03-15,0.026
2021-03-16,0.026
2021-03-17,0.026
2021-03-18,0.026
2021-03-19,0.018
2021-03-22,0.018
2021-03-23,0.018
2021-03-24,0.018
2021-03-25,0.018
2021-03-26,0.024
2021-03-29,0.024
2021-03-30,0.024
2021-03-31,0.024
2021-04-01,0.024
2021-04-02,0.02
2021-04-05,0.02
2021-04-06,0.02
2021-04-07,0.02
2021-04-08,0.02
2021-04-09,0.022
2021-04-12,0.022
2021-04-13,0.022
2021-04-14,0.022
2021-04-15,0.022
2021-04-16,0.026
2021-04-19,0.026
2021-04-20,0.026
2021-04-21,0.026
2021-04-22,0.026
2021-04-23,0.018
2021-04-26,0.018
2021-04-27,0.018
2021-04-28,0.018
2021-04-29,0.018
2021-04-30,0.022
2021-05-03,0.022
2021-05-04,0.022
2021-05-05,0.022
2021-05-06,0.022
2021-05-07,0.018
2021-05-10,0.018
2021-05-11,0.018
2021-05-12,0.018
2021-05-13,0.018
2021-05-14,0.014
2021-05-17,0.014
2021-05-18,0.014
2021-05-19,0.014
2021-05-20,0.014
2021-05-21,0.018
2021-05-24,0.018
2021-05-25,0.018
2021-05-26,0.018
2021-05-27,0.018
2021-05-28,0.0175
2021-05-31,0.0175
2021-06-01,0.0175
2021-06-02,0.0175
2021-06-03,0.0175
2021-06-04,0.024
2021-06-07,0.024
2021-06-08,0.024
2021-06-09,0.024
2021-06-10,0.024
2021-06-11,0.034
2021-06-14,0.034
2021-06-15,0.034
2021-06-16,0.034
2021-06-17,0.034
2021-06-18,0.048
2021-06-21,0.048
2021-06-22,0.048
2021-06-23,0.048
2021-06-24,0.048
2021-06-25,0.05
2021-06-28,0.05
2021-06-29,0.05
2021-06-30,0.05
2021-07-01,0.05
2021-07-02,0.0525
2021-07-05,0.0525
2021-07-06,0.0525
2021-07-07,0.0525
2021-07-08,0.0525
2021-07-09,0.054
2021-07-12,0.054
2021-07-13,0.054
2021-07-14,0.054
2021-07-15,0.054
2021-07-16,0.05
2021-07-19,0.05
2021-07-20,0.05
2021-07-21,0.05
2021-07-22,0.05
2021-07-23,0.052
2021-07-26,0.052
2021-07-27,0.052
2021-07-28,0.052
2021-07-29,0.052
2021-07-30,0.052
2021-08-02,0.052
2021-08-03,0.052
2021-08-04,0.052
2021-08-05,0.052
2021-08-06,0.056
2021-08-09,0.056
2021-08-10,0.056
2021-08-11,0.056
2021-08-12,0.056
2021-08-13,0.064
2021-08-16,0.064
2021-08-17,0.064
2021-08-18,0.064
2021-08-19,0.064
2021-08-20,0.052
2021-08-23,0.052
2021-08-24,0.052
2021-08-25,0.052
2021-08-26,0.052
2021-08-27,0.048
2021-08-30,0.048
2021-08-31,0.048
2021-09-01,0.048
2021-09-02,0.048
2021-09-03,0.0475
2021-09-06,0.0475
2021-09-07,0.0475
2021-09-08,0.0475
2021-09-09,0.0475
2021-09-10,0.046
2021-09-13,0.046
2021-09-14,0.046
2021-09-15,0.046
2021-09-16,0.046
2021-09-17,0.034
2021-09-20,0.034
2021-09-21,0.034
2021-09-22,0.034
2021-09-23,0.034
2021-09-24,0.038
2021-09-27,0.038
2021-09-28,0.038
2021-09-29,0.038
2021-09-30,0.038
2021-10-01,0.042
2021-10-04,0.042
2021-10-05,0.042
2021-10-06,0.042
2021-10-07,0.042
2021-10-08,0.0525
2021-10-11,0.0525
2021-10-12,0.0525
2021-10-13,0.0525
2021-10-14,0.0525
2021-10-15,0.054
2021-10-18,0.054
2021-10-19,0.054
2021-10-20,0.054
2021-10-21,0.054
2021-10-22,0.06
2021-10-25,0.06
2021-10-26,0.06
2021-10-27,0.06
2021-10-28,0.06
2021-10-29,0.048
2021-11-01,0.048
2021-11-02,0.048
2021-11-03,0.048
2021-11-04,0.048
2021-11-05,0.05
2021-11-08,0.05
2021-11-09,0.05
2021-11-10,0.05
2021-11-11,0.05
2021-11-12,0.05
2021-11-15,0.05
2021-11-16,0.05
2021-11-17,0.05
2021-11-18,0.05
2021-11-19,0.055
2021-11-22,0.055
2021-11-23,0.055
2021-11-24,0.055
2021-11-25,0.055
2021-11-26,0.056
2021-11-29,0.056
2021-11-30,0.056
2021-12-01,0.056
2021-12-02,0.056
2021-12-03,0.062
2021-12-06,0.062
2021-12-07,0.062
2021-12-08,0.062
2021-12-09,0.062
2021-12-10,0.054
2021-12-13,0.054
2021-12-14,0.054
2021-12-15,0.054
2021-12-16,0.054
2021-12-17,0.07
2021-12-20,0.07
2021-12-21,0.07
2021-12-22,0.07
2021-12-23,0.07
2021-12-24,0.055
2021-12-27,0.055
2021-12-28,0.055
2021-12-29,0.055
2021-12-30,0.055
2021-12-31,0.06
2022-01-03,0.092
2022-01-04,0.092
2022-01-05,0.092
2022-01-06,0.092
2022-01-07,0.092
2022-01-10,0.124
2022-01-11,0.124
2022-01-12,0.124
2022-01-13,0.124
2022-01-14,0.124
2022-01-17,0.1725
2022-01-18,0.1725
2022-01-19,0.1725
2022-01-20,0.1725
2022-01-21,0.1725
2022-01-24,0.196
2022-01-25,0.196
2022-01-26,0.196
2022-01-27,0.196
2022-01-28,0.196
2022-01-31,0.216
2022-02-01,0.216
2022-02-02,0.216
2022-02-03,0.216
2022-02-04,0.216
2022-02-07,0.32
2022-02-08,0.32
2022-02-09,0.32
2022-02-10,0.32
2022-02-11,0.32
2022-02-14,0.394
2022-02-15,0.394
2022-02-16,0.394
2022-02-17,0.394
2022-02-18,0.394
2022-02-21,0.3525
2022-02-22,0.3525
2022-02-23,0.3525
2022-02-24,0.3525
2022-02-25,0.3525
2022-02-28,0.344
2022-03-01,0.344
2022-03-02,0.344
2022-03-03,0.344
2022-03-04,0.344
2022-03-07,0.378
2022-03-08,0.378
2022-03-09,0.378
2022-03-10,0.378
2022-03-11,0.378
2022-03-14,0.43
2022-03-15,0.43
2022-03-16,0.43
2022-03-17,0.43
2022-03-18,0.43
2022-03-21,0.518
2022-03-22,0.518
2022-03-23,0.518
2022-03-24,0.518
2022-03-25,0.518
2022-03-28,0.548
2022-03-29,0.548
2022-03-30,0.548
2022-03-31,0.548
2022-04-01,0.548
2022-04-04,0.672
2022-04-05,0.672
2022-04-06,0.672
2022-04-07,0.672
2022-04-08,0.672
2022-04-11,0.7625
2022-04-12,0.7625
2022-04-13,0.7625
2022-04-14,0.7625
2022-04-15,0.7625
2022-04-18,0.82
2022-04-19,0.82
2022-04-20,0.82
2022-04-21,0.82
2022-04-22,0.82
2022-04-25,0.846
2022-04-26,0.846
2022-04-27,0.846
2022-04-28,0.846
2022-04-29,0.846
2022-05-02,0.872
2022-05-03,0.872
2022-05-04,0.872
2022-05-05,0.872
2022-05-06,0.872
2022-05-09,0.934
2022-05-10,0.934
2022-05-11,0.934
2022-05-12,0.934
2022-05-13,0.934
2022-05-16,1.04
2022-05-17,1.04
2022-05-18,1.04
2022-05-19,1.04
2022-05-20,1.04
2022-05-23,1.058
2022-05-24,1.058
2022-05-25,1.058
2022-05-26,1.058
2022-05-27,1.058
2022-05-30,1.1375
2022-05-31,1.1375
2022-06-01,1.1375
2022-06-02,1.1375
2022-06-03,1.1375
2022-06-06,1.264
2022-06-07,1.264
2022-06-08,1.264
2022-06-09,1.264
2022-06-10,1.264
2022-06-13,1.656
2022-06-14,1.656
2022-06-15,1.656
2022-06-16,1.656
2022-06-17,1.656
2022-06-20,1.62
2022-06-21,1.62
2022-06-22,1.62
2022-06-23,1.62
2022-06-24,1.62
2022-06-27,1.71
2022-06-28,1.71
2022-06-29,1.71
2022-06-30,1.71
2022-07-01,1.71
2022-07-04,1.8775
2022-07-05,1.8775
2022-07-06,1.8775
2022-07-07,1.8775
2022-07-08,1.8775
2022-07-11,2.248
2022-07-12,2.248
2022-07-13,2.248
2022-07-14,2.248
2022-07-15,2.248
2022-07-18,2.43
2022-07-19,2.43
2022-07-20,2.43
2022-07-21,2.43
2022-07-22,2.43
2022-07-25,2.418
2022-07-26,2.418
2022-07-27,2.418
2022-07-28,2.418
2022-07-29,2.418
2022-08-01,2.458
2022-08-02,2.458
2022-08-03,2.458
2022-08-04,2.458
2022-08-05,2.458
2022-08-08,2.552
2022-08-09,2.552
2022-08-10,2.552
2022-08-11,2.552
2022-08-12,2.552
2022-08-15,2.616
2022-08-16,2.616
2022-08-17,2.616
2022-08-18,2.616
2022-08-19,2.616
2022-08-22,2.748
2022-08-23,2.748
2022-08-24,2.748
2022-08-25,2.748
2022-08-26,2.748
2022-08-29,2.874
2022-08-30,2.874
2022-08-31,2.874
2022-09-01,2.874
2022-09-02,2.874
2022-09-05,2.9725
2022-09-06,2.9725
2022-09-07,2.9725
2022-09-08,2.9725
2022-09-09,2.9725
2022-09-12,3.128
2022-09-13,3.128
2022-09-14,3.128
2022-09-15,3.128
2022-09-16,3.128
2022-09-19,3.214
2022-09-20,3.214
2022-09-21,3.214
2022-09-22,3.214
2022-09-23,3.214
2022-09-26,3.266
2022-09-27,3.266
2022-09-28,3.266
2022-09-29,3.266
2022-09-30,3.266
2022-10-03,3.324
2022-10-04,3.324
2022-10-05,3.324
2022-10-06,3.324
2022-10-07,3.324
2022-10-10,3.595
2022-10-11,3.595
2022-10-12,3.595
2022-10-13,3.595
2022-10-14,3.595
2022-10-17,3.886
2022-10-18,3.886
2022-10-19,3.886
2022-10-20,3.886
2022-10-21,3.886
2022-10-24,3.97
2022-10-25,3.97
2022-10-26,3.97
2022-10-27,3.97
2022-10-28,3.97
2022-10-31,4.048
2022-11-01,4.048
2022-11-02,4.048
2022-11-03,4.048
2022-11-04,4.048
2022-11-07,4.105
2022-11-08,4.105
2022-11-09,4.105
2022-11-10,4.105
2022-11-11,4.105
2022-11-14,4.144
2022-11-15,4.144
2022-11-16,4.144
2022-11-17,4.144
2022-11-18,4.144
2022-11-21,4.2175
2022-11-22,4.2175
2022-11-23,4.2175
2022-11-24,4.2175
2022-11-25,4.2175
2022-11-28,4.256
2022-11-29,4.256
2022-11-30,4.256
2022-12-01,4.256
2022-12-02,4.256
2022-12-05,4.22
2022-12-06,4.22
2022-12-07,4.22
2022-12-08,4.22
2022-12-09,4.22
2022-12-12,4.24
2022-12-13,4.24
2022-12-14,4.24
2022-12-15,4.24
2022-12-16,4.24
2022-12-19,4.244
2022-12-20,4.244
2022-12-21,4.244
2022-12-22,4.244
2022-12-23,4.244
2022-12-26,4.335
2022-12-27,4.335
2022-12-28,4.335
2022-12-29,4.335
2022-12-30,4.335
2023-01-02,4.4575
2023-01-03,4.4575
2023-01-04,4.4575
2023-01-05,4.4575
2023-01-06,4.4575
2023-01-09,4.54
2023-01-10,4.54
2023-01-11,4.54
2023-01-12,4.54
2023-01-13,4.54
2023-01-16,4.555
2023-01-17,4.555
2023-01-18,4.555
2023-01-19,4.555
2023-01-20,4.555
2023-01-23,4.566
2023-01-24,4.566
2023-01-25,4.566
2023-01-26,4.566
2023-01-27,4.566
2023-01-30,4.562
2023-01-31,4.562
2023-02-01,4.562
2023-02-02,4.562
2023-02-03,4.562
2023-02-06,4.614
2023-02-07,4.614
2023-02-08,4.614
2023-02-09,4.614
2023-02-10,4.614
2023-02-13,4.682
2023-02-14,4.682
2023-02-15,4.682
2023-02-16,4.682
2023-02-17,4.682
2023-02-20,4.715
2023-02-21,4.715
2023-02-22,4.715
2023-02-23,4.715
2023-02-24,4.715
2023-02-27,4.734
2023-02-28,4.734
2023-03-01,4.734
2023-03-02,4.734
2023-03-03,4.734
2023-03-06,4.844
2023-03-07,4.844
2023-03-08,4.844
2023-03-09,4.844
2023-03-10,4.844
2023-03-13,4.586
2023-03-14,4.586
2023-03-15,4.586
2023-03-16,4.586
2023-03-17,4.586
2023-03-20,4.608
2023-03-21,4.608
2023-03-22,4.608
2023-03-23,4.608
2023-03-24,4.608
2023-03-27,4.702
2023-03-28,4.702
2023-03-29,4.702
2023-03-30,4.702
2023-03-31,4.702
2023-04-03,4.762
2023-04-04,4.762
2023-04-05,4.762
2023-04-06,4.762
2023-04-07,4.762
2023-04-10,4.926
2023-04-11,4.926
2023-04-12,4.926
2023-04-13,4.926
2023-04-14,4.926
2023-04-17,5.012
2023-04-18,5.012
2023-04-19,5.012
2023-04-20,5.012
2023-04-21,5.012
2023-04-24,4.998
2023-04-25,4.998
2023-04-26,4.998
2023-04-27,4.998
2023-04-28,4.998
2023-05-01,5.094
2023-05-02,5.094
2023-05-03,5.094
2023-05-04,5.094
2023-05-05,5.094
2023-05-08,5.096
2023-05-09,5.096
2023-05-10,5.096
2023-05-11,5.096
2023-05-12,5.096
2023-05-15,5.098
2023-05-16,5.098
2023-05-17,5.098
2023-05-18,5.098
2023-05-19,5.098
2023-05-22,5.2
2023-05-23,5.2
2023-05-24,5.2
2023-05-25,5.2
2023-05-26,5.2
2023-05-29,5.2525
2023-05-30,5.2525
2023-05-31,5.2525
2023-06-01,5.2525
2023-06-02,5.2525
2023-06-05,5.154
2023-06-06,5.154
2023-06-07,5.154
2023-06-08,5.154
2023-06-09,5.154
2023-06-12,5.102
2023-06-13,5.102
2023-06-14,5.102
2023-06-15,5.102
2023-06-16,5.102
2023-06-19,5.1475
2023-06-20,5.1475
2023-06-21,5.1475
2023-06-22,5.1475
2023-06-23,5.1475
2023-06-26,5.196
2023-06-27,5.196
2023-06-28,5.196
2023-06-29,5.196
2023-06-30,5.196
2023-07-03,5.2175
2023-07-04,5.2175
2023-07-05,5.2175
2023-07-06,5.2175
2023-07-07,5.2175
2023-07-10,5.246
2023-07-11,5.246
2023-07-12,5.246
2023-07-13,5.246
2023-07-14,5.246
2023-07-17,5.26
2023-07-18,5.26
2023-07-19,5.26
2023-07-20,5.26
2023-07-21,5.26
2023-07-24,5.28
2023-07-25,5.28
2023-07-26,5.28
2023-07-27,5.28
2023-07-28,5.28
2023-07-31,5.274
2023-08-01,5.274
2023-08-02,5.274
2023-08-03,5.274
2023-08-04,5.274
2023-08-07,5.286
2023-08-08,5.286
2023-08-09,5.286
2023-08-10,5.286
2023-08-11,5.286
2023-08-14,5.288
2023-08-15,5.288
2023-08-16,5.288
2023-08-17,5.288
2023-08-18,5.288
2023-08-21,5.31
2023-08-22,5.31
2023-08-23,5.31
2023-08-24,5.31
2023-08-25,5.31
2023-08-28,5.322
2023-08-29,5.322
2023-08-30,5.322
2023-08-31,5.322
2023-09-01,5.322
2023-09-04,5.31
2023-09-05,5.31
2023-09-06,5.31
2023-09-07,5.31
2023-09-08,5.31
2023-09-11,5.316
2023-09-12,5.316
2023-09-13,5.316
2023-09-14,5.316
2023-09-15,5.316
2023-09-18,5.32
2023-09-19,5.32
2023-09-20,5.32
2023-09-21,5.32
2023-09-22,5.32
2023-09-25,5.334
2023-09-26,5.334
2023-09-27,5.334
2023-09-28,5.334
2023-09-29,5.334
2023-10-02,5.348
2023-10-03,5.348
2023-10-04,5.348
2023-10-05,5.348
2023-10-06,5.348
2023-10-09,5.345
2023-10-10,5.345
2023-10-11,5.345
2023-10-12,5.345
2023-10-13,5.345
2023-10-16,5.334
2023-10-17,5.334
2023-10-18,5.334
2023-10-19,5.334
2023-10-20,5.334
2023-10-23,5.318
2023-10-24,5.318
2023-10-25,5.318
2023-10-26,5.318
2023-10-27,5.318
2023-10-30,5.304
2023-10-31,5.304
2023-11-01,5.304
2023-11-02,5.304
2023-11-03,5.304
2023-11-06,5.276
2023-11-07,5.276
2023-11-08,5.276
2023-11-09,5.276
2023-11-10,5.276
2023-11-13,5.26
2023-11-14,5.26
2023-11-15,5.26
2023-11-16,5.26
2023-11-17,5.26
2023-11-20,5.27
2023-11-21,5.27
2023-11-22,5.27
2023-11-23,5.27
2023-11-24,5.27
2023-11-27,5.256
2023-11-28,5.256
2023-11-29,5.256
2023-11-30,5.256
2023-12-01,5.256
2023-12-04,5.248
2023-12-05,5.248
2023-12-06,5.248
2023-12-07,5.248
2023-12-08,5.248
2023-12-11,5.246
2023-12-12,5.246
2023-12-13,5.246
2023-12-14,5.246
2023-12-15,5.246
2023-12-18,5.238
2023-12-19,5.238
2023-12-20,5.238
2023-12-21,5.238
2023-12-22,5.238
2023-12-25,5.235
2023-12-26,5.235
2023-12-27,5.235
2023-12-28,5.235
2023-12-29,5.235
2024-01-01,5.235
2024-01-02,5.235
2024-01-03,5.235
2024-01-04,5.235
2024-01-05,5.235
2024-01-08,5.234
2024-01-09,5.234
2024-01-10,5.234
2024-01-11,5.234
2024-01-12,5.234
2024-01-15,5.225
2024-01-16,5.225
2024-01-17,5.225
2024-01-18,5.225
2024-01-19,5.225
2024-01-22,5.212
2024-01-23,5.212
2024-01-24,5.212
2024-01-25,5.212
2024-01-26,5.212
2024-01-29,5.22
2024-01-30,5.22
2024-01-31,5.22
2024-02-01,5.22
2024-02-02,5.22
2024-02-05,5.23
2024-02-06,5.23
2024-02-07,5.23
2024-02-08,5.23
2024-02-09,5.23
2024-02-12,5.236
2024-02-13,5.236
2024-02-14,5.236
2024-02-15,5.236
2024-02-16,5.236
2024-02-19,5.2475
2024-02-20,5.2475
2024-02-21,5.2475
2024-02-22,5.2475
2024-02-23,5.2475
2024-02-26,5.246
2024-02-27,5.246
2024-02-28,5.246
2024-02-29,5.246
2024-03-01,5.246
2024-03-04,5.238
2024-03-05,5.238
2024-03-06,5.238
2024-03-07,5.238
2024-03-08,5.238
2024-03-11,5.248
2024-03-12,5.248
2024-03-13,5.248
2024-03-14,5.248
2024-03-15,5.248
2024-03-18,5.244
2024-03-19,5.244
2024-03-20,5.244
2024-03-21,5.244
2024-03-22,5.244
2024-03-25,5.225
2024-03-26,5.225
2024-03-27,5.225
2024-03-28,5.225
2024-03-29,5.225
2024-04-01,5.222
2024-04-02,5.222
2024-04-03,5.222
2024-04-04,5.222
2024-04-05,5.222
2024-04-08,5.242
2024-04-09,5.242
2024-04-10,5.242
2024-04-11,5.242
2024-04-12,5.242
2024-04-15,5.25
2024-04-16,5.25
2024-04-17,5.25
2024-04-18,5.25
2024-04-19,5.25
2024-04-22,5.248
2024-04-23,5.248
2024-04-24,5.248
2024-04-25,5.248
2024-04-26,5.248
2024-04-29,5.252
2024-04-30,5.252
2024-05-01,5.252
2024-05-02,5.252
2024-05-03,5.252
2024-05-06,5.252
2024-05-07,5.252
2024-05-08,5.252
2024-05-09,5.252
2024-05-10,5.252
2024-05-13,5.248
2024-05-14,5.248
2024-05-15,5.248
2024-05-16,5.248
2024-05-17,5.248
2024-05-20,5.254
2024-05-21,5.254
2024-05-22,5.254
2024-05-23,5.254
2024-05-24,5.254
2024-05-27,5.2575
2024-05-28,5.2575
2024-05-29,5.2575
2024-05-30,5.2575
2024-05-31,5.2575
2024-06-03,5.254
2024-06-04,5.254
2024-06-05,5.254
2024-06-06,5.254
2024-06-07,5.254
2024-06-10,5.25
2024-06-11,5.25
2024-06-12,5.25
2024-06-13,5.25
2024-06-14,5.25
2024-06-17,5.24
2024-06-18,5.24
2024-06-19,5.24
2024-06-20,5.24
2024-06-21,5.24
2024-06-24,5.232
2024-06-25,5.232
2024-06-26,5.232
2024-06-27,5.232
2024-06-28,5.232
2024-07-01,5.2375
2024-07-02,5.2375
2024-07-03,5.2375
2024-07-04,5.2375
2024-07-05,5.2375
2024-07-08,5.222
2024-07-09,5.222
2024-07-10,5.222
2024-07-11,5.222
2024-07-12,5.222
2024-07-15,5.202
2024-07-16,5.202
2024-07-17,5.202
2024-07-18,5.202
2024-07-19,5.202
2024-07-22,5.176
2024-07-23,5.176
2024-07-24,5.176
2024-07-25,5.176
2024-07-26,5.176
2024-07-29,5.122
2024-07-30,5.122
2024-07-31,5.122
2024-08-01,5.122
2024-08-02,5.122
2024-08-05,5.09
2024-08-06,5.09
2024-08-07,5.09
2024-08-08,5.09
2024-08-09,5.09
2024-08-12,5.074
2024-08-13,5.074
2024-08-14,5.074
2024-08-15,5.074
2024-08-16,5.074
2024-08-19,5.034
2024-08-20,5.034
2024-08-21,5.034
2024-08-22,5.034
2024-08-23,5.034
2024-08-26,4.976
2024-08-27,4.976
2024-08-28,4.976
2024-08-29,4.976
2024-08-30,4.976
2024-09-02,4.95
2024-09-03,4.95
2024-09-04,4.95
2024-09-05,4.95
2024-09-06,4.95
2024-09-09,4.852
2024-09-10,4.852
2024-09-11,4.852
2024-09-12,4.852
2024-09-13,4.852
2024-09-16,4.664
2024-09-17,4.664
2024-09-18,4.664
2024-09-19,4.664
2024-09-20,4.664
2024-09-23,4.508
2024-09-24,4.508
2024-09-25,4.508
2024-09-26,4.508
2024-09-27,4.508
2024-09-30,4.502
2024-10-01,4.502
2024-10-02,4.502
2024-10-03,4.502
2024-10-04,4.502
2024-10-07,4.538
2024-10-08,4.538
2024-10-09,4.538
2024-10-10,4.538
2024-10-11,4.538
2024-10-14,4.525
2024-10-15,4.525
2024-10-16,4.525
2024-10-17,4.525
2024-10-18,4.525
2024-10-21,4.512
2024-10-22,4.512
2024-10-23,4.512
2024-10-24,4.512
2024-10-25,4.512
2024-10-28,4.46
2024-10-29,4.46
2024-10-30,4.46
2024-10-31,4.46
2024-11-01,4.46
2024-11-04,4.434
2024-11-05,4.434
2024-11-06,4.434
2024-11-07,4.434
2024-11-08,4.434
2024-11-11,4.4125
2024-11-12,4.4125
2024-11-13,4.4125
2024-11-14,4.4125
2024-11-15,4.4125
2024-11-18,4.422
2024-11-19,4.422
2024-11-20,4.422
2024-11-21,4.422
2024-11-22,4.422
2024-11-25,4.4025
2024-11-26,4.4025
2024-11-27,4.4025
2024-11-28,4.4025
2024-11-29,4.4025
2024-12-02,4.348
2024-12-03,4.348
2024-12-04,4.348
2024-12-05,4.348
2024-12-06,4.348
2024-12-09,4.262
2024-12-10,4.262
2024-12-11,4.262
2024-12-12,4.262
2024-12-13,4.262
2024-12-16,4.244
2024-12-17,4.244
2024-12-18,4.244
2024-12-19,4.244
2024-12-20,4.244
2024-12-23,4.2375
2024-12-24,4.2375
2024-12-25,4.2375
2024-12-26,4.2375
2024-12-27,4.2375
2024-12-30,4.23
2024-12-31,4.23
2025-01-01,4.21
2025-01-02,4.21
2025-01-03,4.21
2025-01-06,4.21
2025-01-07,4.21
2025-01-08,4.218
2025-01-09,4.218
2025-01-10,4.218
2025-01-13,4.218
2025-01-14,4.218
2025-01-15,4.21
2025-01-16,4.21
2025-01-17,4.21
2025-01-20,4.21
2025-01-21,4.21
2025-01-22,4.21
2025-01-23,4.21
2025-01-24,4.21
2025-01-27,4.21
2025-01-28,4.21
2025-01-29,4.206
2025-01-30,4.206
2025-01-31,4.206
2025-02-03,4.206
2025-02-04,4.206
2025-02-05,4.228
2025-02-06,4.228
2025-02-07,4.228
2025-02-10,4.228
2025-02-11,4.228
2025-02-12,4.225
2025-02-13,4.225
2025-02-14,4.225
2025-02-17,4.225
2025-02-18,4.225
2025-02-19,4.204
2025-02-20,4.204
2025-02-21,4.204
2025-02-24,4.204
2025-02-25,4.204
2025-02-26,4.202
2025-02-27,4.202
2025-02-28,4.202
2025-03-03,4.202
2025-03-04,4.202
2025-03-05,4.2
2025-03-06,4.2
2025-03-07,4.2
2025-03-10,4.2
2025-03-11,4.2
2025-03-12,4.202
2025-03-13,4.202
2025-03-14,4.202
2025-03-17,4.202
2025-03-18,4.202
2025-03-19,4.195
2025-03-20,4.195
