Date,Open,High,Low,Close Close price adjusted for splits.,Adj Close Adjusted close price adjusted for splits and dividend and/or capital gain distributions.,Volume
"Mar 24, 2025",5718.08,5766.56,5718.08,5744.48,5744.48,1624888000
"Mar 21, 2025",5630.73,5670.84,5603.1,5667.56,5667.56,9367460000
"Mar 20, 2025",5646.92,5711.15,5632.33,5662.89,5662.89,4678420000
"Mar 19, 2025",5632.37,5715.33,5622.2,5675.29,5675.29,4660090000
"Mar 18, 2025",5654.53,5654.53,5597.76,5614.66,5614.66,4666270000
"Mar 17, 2025",5635.6,5703.52,5631.12,5675.12,5675.12,5031770000
"Mar 14, 2025",5563.85,5645.27,5563.85,5638.94,5638.94,4863180000
"Mar 13, 2025",5594.45,5597.78,5504.65,5521.52,5521.52,5018980000
"Mar 12, 2025",5624.84,5642.19,5546.09,5599.3,5599.3,5219830000
"Mar 11, 2025",5603.65,5636.3,5528.41,5572.07,5572.07,6221240000
"Mar 10, 2025",5705.37,5705.37,5564.02,5614.56,5614.56,6409370000
"Mar 7, 2025",5726.01,5783.01,5666.29,5770.2,5770.2,5705140000
"Mar 6, 2025",5785.87,5812.08,5711.64,5738.52,5738.52,5165080000
"Mar 5, 2025",5781.36,5860.59,5742.35,5842.63,5842.63,5285970000
"Mar 4, 2025",5811.98,5865.08,5732.59,5778.15,5778.15,6138110000
"Mar 3, 2025",5968.33,5986.09,5810.91,5849.72,5849.72,5613850000
"Feb 28, 2025",5856.74,5959.4,5837.66,5954.5,5954.5,6441140000
"Feb 27, 2025",5981.88,5993.69,5858.78,5861.57,5861.57,5057680000
"Feb 26, 2025",5970.87,6009.82,5932.69,5956.06,5956.06,4869580000
"Feb 25, 2025",5982.73,5992.65,5908.49,5955.25,5955.25,5374690000
"Feb 24, 2025",6026.69,6043.65,5977.83,5983.25,5983.25,4990120000
"Feb 21, 2025",6114.1,6114.82,6008.56,6013.13,6013.13,5434560000
"Feb 20, 2025",6134.5,6134.5,6084.59,6117.52,6117.52,4813690000
"Feb 19, 2025",6117.76,6147.43,6111.15,6144.15,6144.15,4562330000
"Feb 18, 2025",6121.6,6129.63,6099.51,6129.58,6129.58,4684980000
"Feb 14, 2025",6115.52,6127.47,6107.62,6114.63,6114.63,4335190000
"Feb 13, 2025",6060.59,6116.91,6050.95,6115.07,6115.07,4763800000
"Feb 12, 2025",6025.08,6063.0,6003.0,6051.97,6051.97,4627960000
"Feb 11, 2025",6049.32,6076.28,6042.34,6068.5,6068.5,4324880000
"Feb 10, 2025",6046.4,6073.38,6044.84,6066.44,6066.44,4458760000
"Feb 7, 2025",6083.13,6101.28,6019.96,6025.99,6025.99,4766900000
"Feb 6, 2025",6072.22,6084.03,6046.83,6083.57,6083.57,4847120000
"Feb 5, 2025",6020.45,6062.86,6007.06,6061.48,6061.48,4756250000
"Feb 4, 2025",5998.14,6042.48,5990.87,6037.88,6037.88,4410160000
"Feb 3, 2025",5969.65,6022.13,5923.93,5994.57,5994.57,4797210000
"Jan 31, 2025",6096.79,6120.91,6030.93,6040.53,6040.53,4843770000
"Jan 30, 2025",6050.75,6086.64,6027.46,6071.17,6071.17,4634620000
"Jan 29, 2025",6057.7,6062.83,6012.96,6039.31,6039.31,4115310000
"Jan 28, 2025",6026.97,6074.54,5994.63,6067.7,6067.7,4473640000
"Jan 27, 2025",5969.04,6017.17,5962.92,6012.28,6012.28,5198750000
"Jan 24, 2025",6121.43,6128.18,6088.74,6101.24,6101.24,4214250000
"Jan 23, 2025",6076.32,6118.73,6074.67,6118.71,6118.71,4432250000
"Jan 22, 2025",6081.39,6100.81,6076.13,6086.37,6086.37,4323040000
"Jan 21, 2025",6014.12,6051.51,6006.88,6049.24,6049.24,4702920000
"Jan 17, 2025",5995.4,6014.96,5978.44,5996.66,5996.66,4366830000
"Jan 16, 2025",5963.61,5964.69,5930.72,5937.34,5937.34,4285810000
"Jan 15, 2025",5905.21,5960.61,5905.21,5949.91,5949.91,4544570000
"Jan 14, 2025",5859.27,5871.92,5805.42,5842.91,5842.91,4142280000
"Jan 13, 2025",5782.02,5838.61,5773.31,5836.22,5836.22,4421200000
"Jan 10, 2025",5890.35,5890.35,5807.78,5827.04,5827.04,4751930000
"Jan 8, 2025",5910.66,5927.89,5874.78,5918.25,5918.25,4441740000
"Jan 7, 2025",5993.26,6000.68,5890.68,5909.03,5909.03,4517330000
"Jan 6, 2025",5982.81,6021.04,5960.01,5975.38,5975.38,4940120000
"Jan 3, 2025",5891.07,5949.34,5888.66,5942.47,5942.47,3667340000
"Jan 2, 2025",5903.26,5935.09,5829.53,5868.55,5868.55,3621680000
"Dec 31, 2024",5919.74,5929.74,5868.86,5881.63,5881.63,3128350000
"Dec 30, 2024",5920.67,5940.79,5869.16,5906.94,5906.94,3433250000
"Dec 27, 2024",6006.17,6006.17,5932.95,5970.84,5970.84,3159610000
"Dec 26, 2024",6024.97,6049.75,6007.37,6037.59,6037.59,2904530000
"Dec 24, 2024",5984.63,6040.1,5981.44,6040.04,6040.04,1757720000
"Dec 23, 2024",5940.25,5978.25,5902.57,5974.07,5974.07,3593280000
"Dec 20, 2024",5842.0,5982.06,5832.3,5930.85,5930.85,8223220000
"Dec 19, 2024",5912.71,5935.52,5866.07,5867.08,5867.08,4896880000
"Dec 18, 2024",6047.65,6070.67,5867.79,5872.16,5872.16,5246960000
"Dec 17, 2024",6052.55,6057.68,6035.19,6050.61,6050.61,4544500000
"Dec 16, 2024",6063.79,6085.19,6059.14,6074.08,6074.08,4391100000
"Dec 13, 2024",6068.17,6078.58,6035.77,6051.09,6051.09,3584960000
"Dec 12, 2024",6074.29,6079.68,6051.25,6051.25,6051.25,3678010000
"Dec 11, 2024",6060.15,6092.59,6060.15,6084.19,6084.19,4269950000
"Dec 10, 2024",6057.59,6065.4,6029.89,6034.91,6034.91,4048410000
"Dec 9, 2024",6083.01,6088.51,6048.63,6052.85,6052.85,4556460000
"Dec 6, 2024",6081.38,6099.97,6079.98,6090.27,6090.27,3924830000
"Dec 5, 2024",6089.03,6094.55,6072.9,6075.11,6075.11,4212020000
"Dec 4, 2024",6069.39,6089.84,6061.06,6086.49,6086.49,4003390000
"Dec 3, 2024",6042.97,6052.07,6033.39,6049.88,6049.88,4095000000
"Dec 2, 2024",6040.11,6053.58,6035.33,6047.15,6047.15,4412470000
"Nov 29, 2024",6003.98,6044.17,6003.98,6032.38,6032.38,2444420000
"Nov 27, 2024",6014.11,6020.16,5984.87,5998.74,5998.74,3363340000
"Nov 26, 2024",6000.03,6025.42,5992.27,6021.63,6021.63,3835170000
"Nov 25, 2024",5992.28,6020.75,5963.91,5987.37,5987.37,5633150000
"Nov 22, 2024",5944.36,5972.9,5944.36,5969.34,5969.34,4141420000
"Nov 21, 2024",5940.58,5963.32,5887.26,5948.71,5948.71,4230120000
"Nov 20, 2024",5914.34,5920.67,5860.56,5917.11,5917.11,3772620000
"Nov 19, 2024",5870.05,5923.51,5855.29,5916.98,5916.98,4036940000
"Nov 18, 2024",5874.17,5908.12,5865.95,5893.62,5893.62,3983860000
"Nov 15, 2024",5912.79,5915.32,5853.01,5870.62,5870.62,4590960000
"Nov 14, 2024",5989.68,5993.88,5942.28,5949.17,5949.17,4184570000
"Nov 13, 2024",5985.75,6008.19,5965.91,5985.38,5985.38,4220180000
"Nov 12, 2024",6003.6,6009.92,5960.08,5983.99,5983.99,4243400000
"Nov 11, 2024",6008.86,6017.31,5986.69,6001.35,6001.35,4333000000
"Nov 8, 2024",5976.76,6012.45,5976.76,5995.54,5995.54,4666740000
"Nov 7, 2024",5947.21,5983.84,5947.21,5973.1,5973.1,4925740000
"Nov 6, 2024",5864.89,5936.14,5864.89,5929.04,5929.04,6329530000
"Nov 5, 2024",5722.43,5783.44,5722.1,5782.76,5782.76,3768310000
"Nov 4, 2024",5725.15,5741.43,5696.51,5712.69,5712.69,3602060000
"Nov 1, 2024",5723.22,5772.52,5723.22,5728.8,5728.8,3796450000
"Oct 31, 2024",5775.34,5775.34,5702.86,5705.45,5705.45,4425660000
"Oct 30, 2024",5832.65,5850.94,5811.28,5813.67,5813.67,3851120000
"Oct 29, 2024",5819.68,5847.19,5802.17,5832.92,5832.92,3879100000
"Oct 28, 2024",5833.93,5842.92,5823.08,5823.52,5823.52,3691280000
"Oct 25, 2024",5826.75,5862.82,5799.98,5808.12,5808.12,3501280000
"Oct 24, 2024",5817.8,5817.8,5784.92,5809.86,5809.86,3543030000
"Oct 23, 2024",5834.5,5834.85,5762.41,5797.42,5797.42,3532650000
"Oct 22, 2024",5832.7,5863.04,5821.17,5851.2,5851.2,3342080000
"Oct 21, 2024",5857.82,5866.92,5824.79,5853.98,5853.98,3407010000
"Oct 18, 2024",5859.43,5872.17,5846.11,5864.67,5864.67,3374490000
"Oct 17, 2024",5875.62,5878.46,5840.25,5841.47,5841.47,3480010000
"Oct 16, 2024",5816.58,5846.52,5808.34,5842.47,5842.47,3467230000
"Oct 15, 2024",5866.74,5870.36,5804.48,5815.26,5815.26,3882120000
"Oct 14, 2024",5829.81,5871.41,5829.57,5859.85,5859.85,3005250000
"Oct 11, 2024",5775.09,5822.13,5775.09,5815.03,5815.03,3208720000
"Oct 10, 2024",5778.36,5795.03,5764.76,5780.05,5780.05,3208790000
"Oct 9, 2024",5751.8,5796.8,5745.02,5792.04,5792.04,3650340000
"Oct 8, 2024",5719.14,5757.6,5714.56,5751.13,5751.13,3393400000
"Oct 7, 2024",5737.8,5739.34,5686.85,5695.94,5695.94,3637790000
"Oct 4, 2024",5737.48,5753.21,5702.83,5751.07,5751.07,3479400000
"Oct 3, 2024",5698.19,5718.78,5677.37,5699.94,5699.94,3597450000
"Oct 2, 2024",5698.14,5719.63,5674.0,5709.54,5709.54,3829050000
"Oct 1, 2024",5757.73,5757.73,5681.28,5708.75,5708.75,4025180000
"Sep 30, 2024",5726.52,5765.14,5703.53,5762.48,5762.48,4425730000
"Sep 27, 2024",5755.36,5763.78,5727.34,5738.17,5738.17,3898530000
"Sep 26, 2024",5762.22,5767.37,5721.01,5745.37,5745.37,4391180000
"Sep 25, 2024",5733.65,5741.03,5712.06,5722.26,5722.26,3624910000
"Sep 24, 2024",5727.66,5735.32,5698.99,5732.93,5732.93,3872710000
"Sep 23, 2024",5711.9,5725.36,5704.22,5718.57,5718.57,3529550000
"Sep 20, 2024",5709.64,5715.14,5674.49,5702.55,5702.55,7867260000
"Sep 19, 2024",5702.63,5733.57,5686.42,5713.64,5713.64,4024530000
"Sep 18, 2024",5641.68,5689.75,5615.08,5618.26,5618.26,3691390000
"Sep 17, 2024",5655.51,5670.81,5614.05,5634.58,5634.58,3443600000
"Sep 16, 2024",5615.21,5636.05,5604.53,5633.09,5633.09,3437070000
"Sep 13, 2024",5603.34,5636.27,5601.65,5626.02,5626.02,3500790000
"Sep 12, 2024",5557.48,5600.71,5535.5,5595.76,5595.76,3655070000
"Sep 11, 2024",5496.42,5560.41,5406.96,5554.13,5554.13,3839450000
"Sep 10, 2024",5490.51,5497.91,5441.72,5495.52,5495.52,3848180000
"Sep 9, 2024",5442.07,5484.2,5434.49,5471.05,5471.05,3825940000
"Sep 6, 2024",5507.33,5522.47,5402.62,5408.42,5408.42,3822800000
"Sep 5, 2024",5520.08,5546.3,5480.54,5503.41,5503.41,3521650000
"Sep 4, 2024",5506.68,5552.99,5503.66,5520.07,5520.07,3478140000
"Sep 3, 2024",5623.89,5623.89,5504.33,5528.93,5528.93,3866350000
"Aug 30, 2024",5612.74,5651.37,5581.79,5648.4,5648.4,4185850000
"Aug 29, 2024",5607.3,5646.95,5583.71,5591.96,5591.96,3065640000
"Aug 28, 2024",5624.51,5627.03,5560.95,5592.18,5592.18,3053450000
"Aug 27, 2024",5602.89,5631.18,5593.48,5625.8,5625.8,2798990000
"Aug 26, 2024",5639.66,5651.62,5602.34,5616.84,5616.84,2938570000
"Aug 23, 2024",5602.49,5641.82,5585.16,5634.61,5634.61,3291940000
"Aug 22, 2024",5637.77,5643.22,5560.95,5570.64,5570.64,2981530000
"Aug 21, 2024",5603.09,5632.68,5591.57,5620.85,5620.85,3119670000
"Aug 20, 2024",5602.88,5620.51,5585.5,5597.12,5597.12,2994420000
"Aug 19, 2024",5557.23,5608.3,5550.74,5608.25,5608.25,3222050000
"Aug 16, 2024",5530.5,5561.98,5525.17,5554.25,5554.25,3357690000
"Aug 15, 2024",5501.13,5546.23,5501.13,5543.22,5543.22,3723310000
"Aug 14, 2024",5442.36,5463.22,5415.91,5455.21,5455.21,3380050000
"Aug 13, 2024",5376.98,5436.5,5376.98,5434.43,5434.43,3648980000
"Aug 12, 2024",5351.88,5371.2,5324.37,5344.39,5344.39,3360160000
"Aug 9, 2024",5314.66,5358.67,5300.84,5344.16,5344.16,3516400000
"Aug 8, 2024",5252.57,5328.03,5233.85,5319.31,5319.31,4016830000
"Aug 7, 2024",5293.13,5330.64,5195.54,5199.5,5199.5,4558260000
"Aug 6, 2024",5206.42,5312.34,5193.56,5240.03,5240.03,4690190000
"Aug 5, 2024",5151.14,5250.89,5119.26,5186.33,5186.33,5333250000
"Aug 2, 2024",5376.63,5383.89,5302.03,5346.56,5346.56,5156450000
"Aug 1, 2024",5537.84,5566.16,5410.42,5446.68,5446.68,4703620000
"Jul 31, 2024",5505.59,5551.51,5493.75,5522.3,5522.3,4546910000
"Jul 30, 2024",5478.73,5489.46,5401.7,5436.44,5436.44,3777740000
"Jul 29, 2024",5476.55,5487.74,5444.44,5463.54,5463.54,3379970000
"Jul 26, 2024",5433.67,5488.32,5430.7,5459.1,5459.1,3638770000
"Jul 25, 2024",5428.7,5491.59,5390.95,5399.22,5399.22,4592120000
"Jul 24, 2024",5505.84,5508.04,5419.98,5427.13,5427.13,3945550000
"Jul 23, 2024",5565.3,5585.34,5550.9,5555.74,5555.74,3500210000
"Jul 22, 2024",5544.54,5570.36,5529.04,5564.41,5564.41,3375180000
"Jul 19, 2024",5543.37,5557.5,5497.04,5505.0,5505.0,3760570000
"Jul 18, 2024",5608.56,5614.05,5522.81,5544.59,5544.59,4007510000
"Jul 17, 2024",5610.07,5622.49,5584.81,5588.27,5588.27,4246450000
"Jul 16, 2024",5644.09,5669.67,5639.02,5667.2,5667.2,4041760000
"Jul 15, 2024",5638.16,5666.94,5614.75,5631.22,5631.22,3620470000
"Jul 12, 2024",5590.76,5655.56,5590.44,5615.35,5615.35,3700280000
"Jul 11, 2024",5635.21,5642.45,5576.53,5584.54,5584.54,4020950000
"Jul 10, 2024",5591.26,5635.39,5586.44,5633.91,5633.91,3336100000
"Jul 9, 2024",5584.24,5590.75,5574.57,5576.98,5576.98,3232920000
"Jul 8, 2024",5572.75,5583.11,5562.51,5572.85,5572.85,3185670000
"Jul 5, 2024",5537.91,5570.33,5531.63,5567.19,5567.19,3253080000
"Jul 3, 2024",5507.44,5539.27,5507.42,5537.02,5537.02,2179470000
"Jul 2, 2024",5461.84,5509.69,5458.43,5509.01,5509.01,3329950000
"Jul 1, 2024",5471.08,5479.55,5446.53,5475.09,5475.09,3488760000
"Jun 28, 2024",5488.48,5523.64,5451.12,5460.48,5460.48,7199220000
"Jun 27, 2024",5473.59,5490.81,5467.54,5482.87,5482.87,3589530000
"Jun 26, 2024",5460.71,5483.14,5451.87,5477.9,5477.9,3563920000
"Jun 25, 2024",5460.73,5472.88,5446.56,5469.3,5469.3,3591960000
"Jun 24, 2024",5459.58,5490.66,5447.59,5447.87,5447.87,3696750000
"Jun 21, 2024",5466.77,5478.31,5452.03,5464.62,5464.62,6773800000
"Jun 20, 2024",5499.99,5505.53,5455.56,5473.17,5473.17,3847060000
"Jun 18, 2024",5476.15,5490.38,5471.32,5487.03,5487.03,3544330000
"Jun 17, 2024",5431.11,5488.5,5420.4,5473.23,5473.23,3447840000
"Jun 14, 2024",5424.08,5432.39,5403.75,5431.6,5431.6,3438650000
"Jun 13, 2024",5441.93,5441.93,5402.51,5433.74,5433.74,3530380000
"Jun 12, 2024",5409.13,5447.25,5409.13,5421.03,5421.03,3962840000
"Jun 11, 2024",5353.0,5375.95,5327.25,5375.32,5375.32,3568030000
"Jun 10, 2024",5341.22,5365.79,5331.52,5360.79,5360.79,3622280000
"Jun 7, 2024",5343.81,5375.08,5331.33,5346.99,5346.99,3692760000
"Jun 6, 2024",5357.8,5362.35,5335.36,5352.96,5352.96,3609990000
"Jun 5, 2024",5314.48,5354.16,5297.64,5354.03,5354.03,3591460000
"Jun 4, 2024",5278.24,5298.8,5257.63,5291.34,5291.34,3707900000
"Jun 3, 2024",5297.15,5302.11,5234.32,5283.4,5283.4,4046920000
"May 31, 2024",5243.21,5280.33,5191.68,5277.51,5277.51,5437160000
"May 30, 2024",5259.77,5260.21,5222.1,5235.48,5235.48,3818750000
"May 29, 2024",5278.73,5282.27,5262.7,5266.95,5266.95,3552750000
"May 28, 2024",5315.91,5315.91,5280.89,5306.04,5306.04,3751540000
"May 24, 2024",5281.45,5311.65,5278.39,5304.72,5304.72,3005510000
"May 23, 2024",5340.26,5341.88,5256.93,5267.84,5267.84,3869520000
"May 22, 2024",5319.28,5323.18,5286.01,5307.01,5307.01,3847130000
"May 21, 2024",5298.69,5324.32,5297.87,5321.41,5321.41,3662240000
"May 20, 2024",5305.35,5325.32,5302.4,5308.13,5308.13,3420100000
"May 17, 2024",5303.1,5305.45,5283.59,5303.27,5303.27,3578120000
"May 16, 2024",5310.07,5325.49,5296.19,5297.1,5297.1,3817470000
"May 15, 2024",5263.26,5311.76,5263.26,5308.15,5308.15,4360810000
"May 14, 2024",5221.1,5250.37,5217.98,5246.68,5246.68,4763580000
"May 13, 2024",5233.08,5237.26,5211.16,5221.42,5221.42,4255710000
"May 10, 2024",5225.49,5239.66,5209.68,5222.68,5222.68,3617900000
"May 9, 2024",5189.03,5215.3,5180.41,5214.08,5214.08,3727370000
"May 8, 2024",5168.98,5191.95,5165.86,5187.67,5187.67,3842100000
"May 7, 2024",5187.2,5200.23,5178.96,5187.7,5187.7,3987890000
"May 6, 2024",5142.42,5181.0,5142.42,5180.74,5180.74,3683250000
"May 3, 2024",5122.78,5139.12,5101.22,5127.79,5127.79,3924990000
"May 2, 2024",5049.32,5073.21,5011.05,5064.2,5064.2,4381660000
"May 1, 2024",5029.03,5096.12,5013.45,5018.39,5018.39,4544170000
"Apr 30, 2024",5103.78,5110.83,5035.31,5035.69,5035.69,4082470000
"Apr 29, 2024",5114.13,5123.49,5088.65,5116.17,5116.17,3447450000
"Apr 26, 2024",5084.65,5114.62,5073.14,5099.96,5099.96,3604140000
"Apr 25, 2024",5019.88,5057.75,4990.58,5048.42,5048.42,3958050000
"Apr 24, 2024",5084.86,5089.48,5047.02,5071.63,5071.63,3656740000
"Apr 23, 2024",5028.85,5076.12,5027.96,5070.55,5070.55,3751400000
"Apr 22, 2024",4987.33,5038.84,4969.4,5010.6,5010.6,3820250000
"Apr 19, 2024",5005.44,5019.02,4953.56,4967.23,4967.23,3878750000
"Apr 18, 2024",5031.52,5056.66,5001.89,5011.12,5011.12,3619760000
"Apr 17, 2024",5068.97,5077.96,5007.25,5022.21,5022.21,3596130000
"Apr 16, 2024",5064.59,5079.84,5039.83,5051.41,5051.41,4006200000
"Apr 15, 2024",5149.67,5168.43,5052.47,5061.82,5061.82,3950210000
"Apr 12, 2024",5171.51,5175.03,5107.94,5123.41,5123.41,3963220000
"Apr 11, 2024",5172.95,5211.78,5138.77,5199.06,5199.06,3509380000
"Apr 10, 2024",5167.88,5178.43,5138.7,5160.64,5160.64,3845930000
"Apr 9, 2024",5217.03,5224.81,5160.78,5209.91,5209.91,3400680000
"Apr 8, 2024",5211.37,5219.57,5197.35,5202.39,5202.39,3278180000
"Apr 5, 2024",5158.95,5222.18,5157.21,5204.34,5204.34,3386780000
"Apr 4, 2024",5244.05,5256.59,5146.06,5147.21,5147.21,4075680000
"Apr 3, 2024",5194.37,5228.75,5194.37,5211.49,5211.49,3703250000
"Apr 2, 2024",5204.29,5208.34,5184.05,5205.81,5205.81,3886590000
"Apr 1, 2024",5257.97,5263.95,5229.2,5243.77,5243.77,3325930000
"Mar 28, 2024",5248.03,5264.85,5245.82,5254.35,5254.35,3998270000
"Mar 27, 2024",5226.31,5249.26,5213.92,5248.49,5248.49,3850500000
"Mar 26, 2024",5228.85,5235.16,5203.42,5203.58,5203.58,3871790000
"Mar 25, 2024",5219.52,5229.09,5216.09,5218.19,5218.19,3331360000
"Mar 22, 2024",5242.48,5246.09,5229.87,5234.18,5234.18,3374700000
"Mar 21, 2024",5253.43,5261.1,5240.66,5241.53,5241.53,4207730000
"Mar 20, 2024",5181.69,5226.19,5171.55,5224.62,5224.62,4064850000
"Mar 19, 2024",5139.09,5180.31,5131.59,5178.51,5178.51,4031760000
"Mar 18, 2024",5154.77,5175.6,5145.47,5149.42,5149.42,4036220000
"Mar 15, 2024",5123.31,5136.86,5104.35,5117.09,5117.09,7753670000
"Mar 14, 2024",5175.14,5176.85,5123.3,5150.48,5150.48,4687970000
"Mar 13, 2024",5173.49,5179.14,5151.88,5165.31,5165.31,4282890000
"Mar 12, 2024",5134.3,5179.87,5114.48,5175.27,5175.27,4080510000
"Mar 11, 2024",5111.96,5124.66,5091.14,5117.94,5117.94,3896430000
"Mar 8, 2024",5164.46,5189.26,5117.5,5123.69,5123.69,4208870000
"Mar 7, 2024",5132.38,5165.62,5128.21,5157.36,5157.36,4137980000
"Mar 6, 2024",5108.03,5127.97,5092.22,5104.76,5104.76,4559050000
"Mar 5, 2024",5110.52,5114.54,5056.82,5078.65,5078.65,4418410000
"Mar 4, 2024",5130.99,5149.67,5127.18,5130.95,5130.95,4758440000
"Mar 1, 2024",5098.51,5140.33,5094.16,5137.08,5137.08,4748110000
"Feb 29, 2024",5085.36,5104.99,5061.89,5096.27,5096.27,5219740000
"Feb 28, 2024",5067.2,5077.37,5058.35,5069.76,5069.76,3789370000
"Feb 27, 2024",5074.6,5080.69,5057.29,5078.18,5078.18,3925950000
"Feb 26, 2024",5093.0,5097.66,5068.91,5069.53,5069.53,3683930000
"Feb 23, 2024",5100.92,5111.06,5081.46,5088.8,5088.8,3672790000
"Feb 22, 2024",5038.83,5094.39,5038.83,5087.03,5087.03,4051710000
"Feb 21, 2024",4963.03,4983.21,4946.0,4981.8,4981.8,3788390000
"Feb 20, 2024",4989.32,4993.71,4955.02,4975.51,4975.51,4034880000
"Feb 16, 2024",5031.13,5038.7,4999.52,5005.57,5005.57,3833270000
"Feb 15, 2024",5003.14,5032.72,4999.44,5029.73,5029.73,4137970000
"Feb 14, 2024",4976.44,5002.52,4956.45,5000.62,5000.62,3845600000
"Feb 13, 2024",4967.94,4971.3,4920.31,4953.17,4953.17,4302190000
"Feb 12, 2024",5026.83,5048.39,5016.83,5021.84,5021.84,3805740000
"Feb 9, 2024",5004.17,5030.06,5000.34,5026.61,5026.61,3912990000
"Feb 8, 2024",4995.16,5000.4,4987.09,4997.91,4997.91,4341860000
"Feb 7, 2024",4973.05,4999.89,4969.05,4995.06,4995.06,4895590000
"Feb 6, 2024",4950.16,4957.77,4934.88,4954.23,4954.23,4440880000
"Feb 5, 2024",4957.19,4957.19,4918.09,4942.81,4942.81,4023640000
"Feb 2, 2024",4916.06,4975.29,4907.99,4958.61,4958.61,3974350000
"Feb 1, 2024",4861.11,4906.97,4853.52,4906.19,4906.19,4386090000
"Jan 31, 2024",4899.19,4906.75,4845.15,4845.65,4845.65,4696120000
"Jan 30, 2024",4925.89,4931.09,4916.27,4924.97,4924.97,3836130000
"Jan 29, 2024",4892.95,4929.31,4887.4,4927.93,4927.93,3525160000
"Jan 26, 2024",4888.91,4906.69,4881.47,4890.97,4890.97,3353400000
"Jan 25, 2024",4886.66,4898.15,4869.34,4894.16,4894.16,4020430000
"Jan 24, 2024",4888.56,4903.68,4865.94,4868.55,4868.55,4330030000
"Jan 23, 2024",4856.8,4866.48,4844.37,4864.6,4864.6,3912800000
"Jan 22, 2024",4853.42,4868.41,4844.05,4850.43,4850.43,4297610000
"Jan 19, 2024",4796.28,4842.07,4785.87,4839.81,4839.81,4287200000
"Jan 18, 2024",4760.1,4785.79,4740.57,4780.94,4780.94,4019000000
"Jan 17, 2024",4739.13,4744.23,4714.82,4739.21,4739.21,3928600000
"Jan 16, 2024",4772.35,4782.34,4747.12,4765.98,4765.98,4260550000
"Jan 12, 2024",4791.18,4802.4,4768.98,4783.83,4783.83,3486340000
"Jan 11, 2024",4792.13,4798.5,4739.58,4780.24,4780.24,3759890000
"Jan 10, 2024",4759.94,4790.8,4756.2,4783.45,4783.45,3498680000
"Jan 9, 2024",4741.93,4765.47,4730.35,4756.5,4756.5,3529960000
"Jan 8, 2024",4703.7,4764.54,4699.82,4763.54,4763.54,3742320000
"Jan 5, 2024",4690.57,4721.49,4682.11,4697.24,4697.24,3844370000
"Jan 4, 2024",4697.42,4726.78,4687.53,4688.68,4688.68,3715480000
"Jan 3, 2024",4725.07,4729.29,4699.71,4704.81,4704.81,3950760000
"Jan 2, 2024",4745.2,4754.33,4722.67,4742.83,4742.83,3743050000
"Dec 29, 2023",4782.88,4788.43,4751.99,4769.83,4769.83,3126060000
"Dec 28, 2023",4786.44,4793.3,4780.98,4783.35,4783.35,2698860000
"Dec 27, 2023",4773.45,4785.39,4768.9,4781.58,4781.58,2748450000
"Dec 26, 2023",4758.86,4784.72,4758.45,4774.75,4774.75,2513910000
"Dec 22, 2023",4753.92,4772.94,4736.77,4754.63,4754.63,3046770000
"Dec 21, 2023",4724.29,4748.71,4708.35,4746.75,4746.75,3431180000
"Dec 20, 2023",4764.73,4778.01,4697.82,4698.35,4698.35,4201320000
"Dec 19, 2023",4743.72,4768.69,4743.72,4768.37,4768.37,4026970000
"Dec 18, 2023",4725.58,4749.52,4725.58,4740.56,4740.56,4060340000
"Dec 15, 2023",4714.23,4725.53,4704.69,4719.19,4719.19,8218980000
"Dec 14, 2023",4721.04,4738.57,4694.34,4719.55,4719.55,6314040000
"Dec 13, 2023",4646.2,4709.69,4643.23,4707.09,4707.09,5063650000
"Dec 12, 2023",4618.3,4643.93,4608.09,4643.7,4643.7,3808380000
"Dec 11, 2023",4593.39,4623.71,4593.39,4622.44,4622.44,3823210000
"Dec 8, 2023",4576.2,4609.23,4574.06,4604.37,4604.37,3707010000
"Dec 7, 2023",4568.84,4590.92,4565.22,4585.59,4585.59,3818880000
"Dec 6, 2023",4586.23,4590.74,4546.5,4549.34,4549.34,4245680000
"Dec 5, 2023",4557.25,4578.56,4551.68,4567.18,4567.18,3909950000
"Dec 4, 2023",4564.37,4572.37,4546.72,4569.78,4569.78,4369910000
"Dec 1, 2023",4559.43,4599.39,4554.71,4594.63,4594.63,4397120000
"Nov 30, 2023",4554.87,4569.89,4537.24,4567.8,4567.8,5399300000
"Nov 29, 2023",4571.84,4587.64,4547.15,4550.58,4550.58,4418760000
"Nov 28, 2023",4545.55,4568.14,4540.51,4554.89,4554.89,3586240000
"Nov 27, 2023",4554.86,4560.52,4546.32,4550.43,4550.43,3403990000
"Nov 24, 2023",4555.84,4560.31,4552.8,4559.34,4559.34,1639500000
"Nov 22, 2023",4553.04,4568.43,4545.05,4556.62,4556.62,3042810000
"Nov 21, 2023",4538.77,4542.14,4525.51,4538.19,4538.19,3511080000
"Nov 20, 2023",4511.7,4557.11,4510.36,4547.38,4547.38,3644790000
"Nov 17, 2023",4509.55,4520.12,4499.66,4514.02,4514.02,3777240000
"Nov 16, 2023",4497.08,4511.99,4487.83,4508.24,4508.24,3964520000
"Nov 15, 2023",4505.3,4521.17,4495.31,4502.88,4502.88,4347170000
"Nov 14, 2023",4458.97,4508.67,4458.97,4495.7,4495.7,4700350000
"Nov 13, 2023",4406.66,4421.76,4393.82,4411.55,4411.55,3326240000
"Nov 10, 2023",4364.15,4418.03,4353.34,4415.24,4415.24,3665080000
"Nov 9, 2023",4391.41,4393.4,4343.94,4347.35,4347.35,3900780000
"Nov 8, 2023",4384.37,4391.2,4359.76,4382.78,4382.78,3729510000
"Nov 7, 2023",4366.21,4386.26,4355.41,4378.38,4378.38,3791230000
"Nov 6, 2023",4364.27,4372.21,4347.53,4365.98,4365.98,3656340000
"Nov 3, 2023",4334.23,4373.62,4334.23,4358.34,4358.34,4570960000
"Nov 2, 2023",4268.26,4319.72,4268.26,4317.78,4317.78,4669780000
"Nov 1, 2023",4201.27,4245.64,4197.74,4237.86,4237.86,4224900000
"Oct 31, 2023",4171.33,4195.55,4153.12,4193.8,4193.8,4249470000
"Oct 30, 2023",4139.39,4177.47,4132.94,4166.82,4166.82,3911140000
"Oct 27, 2023",4152.93,4156.7,4103.78,4117.37,4117.37,4019500000
"Oct 26, 2023",4175.99,4183.6,4127.9,4137.23,4137.23,4277640000
"Oct 25, 2023",4232.42,4232.42,4181.42,4186.77,4186.77,3869370000
"Oct 24, 2023",4235.79,4259.38,4219.43,4247.68,4247.68,3821820000
"Oct 23, 2023",4210.4,4255.84,4189.22,4217.04,4217.04,3776100000
"Oct 20, 2023",4273.85,4276.56,4223.03,4224.16,4224.16,4004030000
"Oct 19, 2023",4321.36,4339.54,4269.69,4278.0,4278.0,3969730000
"Oct 18, 2023",4357.35,4364.2,4303.84,4314.6,4314.6,3686030000
"Oct 17, 2023",4345.23,4393.57,4337.54,4373.2,4373.2,3794850000
"Oct 16, 2023",4342.37,4383.33,4342.37,4373.63,4373.63,3409960000
"Oct 13, 2023",4360.49,4377.1,4311.97,4327.78,4327.78,3566560000
"Oct 12, 2023",4380.94,4385.85,4325.43,4349.61,4349.61,3713140000
"Oct 11, 2023",4366.59,4378.64,4345.34,4376.95,4376.95,3601660000
"Oct 10, 2023",4339.75,4385.46,4339.64,4358.24,4358.24,3520240000
"Oct 9, 2023",4289.02,4341.73,4283.79,4335.66,4335.66,3174630000
"Oct 6, 2023",4234.79,4324.1,4219.55,4308.5,4308.5,3902030000
"Oct 5, 2023",4259.31,4267.13,4225.91,4258.19,4258.19,3581470000
"Oct 4, 2023",4233.83,4268.5,4220.48,4263.75,4263.75,3777600000
"Oct 3, 2023",4269.75,4281.15,4216.45,4229.45,4229.45,3953830000
"Oct 2, 2023",4284.52,4300.58,4260.21,4288.39,4288.39,3938660000
"Sep 29, 2023",4328.18,4333.15,4274.86,4288.05,4288.05,3865960000
"Sep 28, 2023",4269.65,4317.27,4264.38,4299.7,4299.7,3846230000
"Sep 27, 2023",4282.63,4292.07,4238.63,4274.51,4274.51,3875880000
"Sep 26, 2023",4312.88,4313.01,4265.98,4273.53,4273.53,3472340000
"Sep 25, 2023",4310.62,4338.51,4302.7,4337.44,4337.44,3195650000
"Sep 22, 2023",4341.74,4357.4,4316.49,4320.06,4320.06,3349570000
"Sep 21, 2023",4374.36,4375.7,4329.17,4330.0,4330.0,3662340000
"Sep 20, 2023",4452.81,4461.03,4401.38,4402.2,4402.2,3308450000
"Sep 19, 2023",4445.41,4449.85,4416.61,4443.95,4443.95,3614880000
"Sep 18, 2023",4445.13,4466.36,4442.11,4453.53,4453.53,3161230000
"Sep 15, 2023",4497.98,4497.98,4447.21,4450.32,4450.32,6932230000
"Sep 14, 2023",4487.78,4511.99,4478.69,4505.1,4505.1,3648720000
"Sep 13, 2023",4462.65,4479.39,4453.52,4467.44,4467.44,3529430000
"Sep 12, 2023",4473.27,4487.11,4456.83,4461.9,4461.9,3435740000
"Sep 11, 2023",4480.98,4490.77,4467.89,4487.46,4487.46,3369920000
"Sep 8, 2023",4451.3,4473.53,4448.38,4457.49,4457.49,3259290000
"Sep 7, 2023",4434.55,4457.81,4430.46,4451.14,4451.14,3763760000
"Sep 6, 2023",4490.35,4490.35,4442.38,4465.48,4465.48,3418850000
"Sep 5, 2023",4510.06,4514.29,4496.01,4496.83,4496.83,3526250000
"Sep 1, 2023",4530.6,4541.25,4501.35,4515.77,4515.77,3246260000
"Aug 31, 2023",4517.01,4532.26,4507.39,4507.66,4507.66,3946360000
"Aug 30, 2023",4500.34,4521.65,4493.59,4514.87,4514.87,3064110000
"Aug 29, 2023",4432.75,4500.14,4431.68,4497.63,4497.63,3354820000
"Aug 28, 2023",4426.03,4439.56,4414.98,4433.31,4433.31,2957230000
"Aug 25, 2023",4389.38,4418.46,4356.29,4405.71,4405.71,3296180000
"Aug 24, 2023",4455.16,4458.3,4375.55,4376.31,4376.31,3723470000
"Aug 23, 2023",4396.44,4443.18,4396.44,4436.01,4436.01,3837270000
"Aug 22, 2023",4415.33,4418.59,4382.77,4387.55,4387.55,3522760000
"Aug 21, 2023",4380.28,4407.55,4360.3,4399.77,4399.77,3726850000
"Aug 18, 2023",4344.88,4381.82,4335.31,4369.71,4369.71,3940400000
"Aug 17, 2023",4416.32,4421.17,4364.83,4370.36,4370.36,3943700000
"Aug 16, 2023",4433.79,4449.95,4403.55,4404.33,4404.33,3753910000
"Aug 15, 2023",4478.87,4478.87,4432.19,4437.86,4437.86,3832250000
"Aug 14, 2023",4458.13,4490.33,4453.44,4489.72,4489.72,3896410000
"Aug 11, 2023",4450.69,4476.23,4443.98,4464.05,4464.05,3753290000
"Aug 10, 2023",4487.16,4527.37,4457.92,4468.83,4468.83,4504370000
"Aug 9, 2023",4501.57,4502.44,4461.33,4467.71,4467.71,3803100000
"Aug 8, 2023",4498.03,4503.31,4464.39,4499.38,4499.38,3884910000
"Aug 7, 2023",4491.58,4519.84,4491.15,4518.44,4518.44,3493920000
"Aug 4, 2023",4513.96,4540.34,4474.55,4478.03,4478.03,4143310000
"Aug 3, 2023",4494.27,4519.49,4485.54,4501.89,4501.89,4149120000
"Aug 2, 2023",4550.93,4550.93,4505.75,4513.39,4513.39,4270710000
"Aug 1, 2023",4578.83,4584.62,4567.53,4576.73,4576.73,4042370000
"Jul 31, 2023",4584.82,4594.22,4573.14,4588.96,4588.96,4503600000
"Jul 28, 2023",4565.75,4590.16,4564.01,4582.23,4582.23,3981010000
"Jul 27, 2023",4598.26,4607.07,4528.56,4537.41,4537.41,4553210000
"Jul 26, 2023",4558.96,4582.47,4547.58,4566.75,4566.75,3990290000
"Jul 25, 2023",4555.19,4580.62,4552.42,4567.46,4567.46,3812470000
"Jul 24, 2023",4543.39,4563.41,4541.29,4554.64,4554.64,3856250000
"Jul 21, 2023",4550.16,4555.0,4535.79,4536.34,4536.34,3570190000
"Jul 20, 2023",4554.38,4564.74,4527.56,4534.87,4534.87,3761770000
"Jul 19, 2023",4563.87,4578.43,4557.48,4565.72,4565.72,4115670000
"Jul 18, 2023",4521.78,4562.3,4514.59,4554.98,4554.98,4090010000
"Jul 17, 2023",4508.86,4532.85,4504.9,4522.79,4522.79,3538240000
"Jul 14, 2023",4514.61,4527.76,4499.56,4505.42,4505.42,3647450000
"Jul 13, 2023",4491.5,4517.38,4489.36,4510.04,4510.04,3839530000
"Jul 12, 2023",4467.69,4488.34,4463.23,4472.16,4472.16,3920290000
"Jul 11, 2023",4415.55,4443.64,4408.46,4439.26,4439.26,3624220000
"Jul 10, 2023",4394.23,4412.6,4389.92,4409.53,4409.53,3429600000
"Jul 7, 2023",4404.54,4440.39,4397.4,4398.95,4398.95,3630480000
"Jul 6, 2023",4422.62,4422.62,4385.05,4411.59,4411.59,3682020000
"Jul 5, 2023",4442.04,4454.06,4436.61,4446.82,4446.82,3482620000
"Jul 3, 2023",4450.48,4456.46,4442.29,4455.59,4455.59,2034280000
"Jun 30, 2023",4422.44,4458.48,4422.44,4450.38,4450.38,3923450000
"Jun 29, 2023",4374.94,4398.39,4371.97,4396.44,4396.44,3696660000
"Jun 28, 2023",4367.48,4390.35,4360.22,4376.86,4376.86,3739330000
"Jun 27, 2023",4337.36,4384.42,4335.0,4378.41,4378.41,3573500000
"Jun 26, 2023",4344.84,4362.06,4328.08,4328.82,4328.82,3415030000
"Jun 23, 2023",4354.17,4366.55,4341.34,4348.33,4348.33,6053620000
"Jun 22, 2023",4355.4,4382.25,4351.82,4381.89,4381.89,3511000000
"Jun 21, 2023",4380.01,4386.22,4360.14,4365.69,4365.69,3709330000
"Jun 20, 2023",4396.11,4400.15,4367.19,4388.71,4388.71,4055790000
"Jun 16, 2023",4440.95,4448.47,4407.44,4409.59,4409.59,6848600000
"Jun 15, 2023",4365.33,4439.2,4362.6,4425.84,4425.84,4176690000
"Jun 14, 2023",4366.29,4391.82,4337.85,4372.59,4372.59,4252110000
"Jun 13, 2023",4352.61,4375.37,4349.31,4369.01,4369.01,4275400000
"Jun 12, 2023",4308.32,4340.13,4304.37,4338.93,4338.93,3945670000
"Jun 9, 2023",4304.88,4322.62,4291.7,4298.86,4298.86,3786510000
"Jun 8, 2023",4268.69,4298.01,4261.07,4293.93,4293.93,3826740000
"Jun 7, 2023",4285.47,4299.19,4263.96,4267.52,4267.52,4537800000
"Jun 6, 2023",4271.34,4288.33,4263.09,4283.85,4283.85,3996560000
"Jun 5, 2023",4282.99,4299.28,4266.82,4273.79,4273.79,3813290000
"Jun 2, 2023",4241.01,4290.67,4241.01,4282.37,4282.37,4454200000
"Jun 1, 2023",4183.03,4232.43,4171.64,4221.02,4221.02,4391860000
"May 31, 2023",4190.74,4195.44,4166.15,4179.83,4179.83,5980670000
"May 30, 2023",4226.71,4231.1,4192.18,4205.52,4205.52,4228510000
"May 26, 2023",4156.16,4212.87,4156.16,4205.45,4205.45,3715460000
"May 25, 2023",4155.71,4165.74,4129.73,4151.28,4151.28,4147760000
"May 24, 2023",4132.96,4132.96,4103.98,4115.24,4115.24,3739160000
"May 23, 2023",4176.8,4185.68,4142.54,4145.58,4145.58,4155320000
"May 22, 2023",4190.78,4209.22,4179.68,4192.63,4192.63,3728520000
"May 19, 2023",4204.15,4212.91,4180.2,4191.98,4191.98,4041900000
"May 18, 2023",4157.68,4202.2,4153.5,4198.05,4198.05,3980500000
"May 17, 2023",4122.85,4164.67,4113.62,4158.77,4158.77,4039080000
"May 16, 2023",4127.95,4135.54,4109.86,4109.9,4109.9,3654200000
"May 15, 2023",4126.65,4141.25,4110.27,4136.28,4136.28,3562170000
"May 12, 2023",4138.54,4143.74,4099.12,4124.08,4124.08,3533740000
"May 11, 2023",4132.24,4132.8,4109.29,4130.62,4130.62,3752900000
"May 10, 2023",4143.74,4154.28,4098.92,4137.64,4137.64,4057160000
"May 9, 2023",4124.25,4130.35,4116.65,4119.17,4119.17,3810140000
"May 8, 2023",4136.98,4142.3,4123.81,4138.12,4138.12,3641640000
"May 5, 2023",4084.73,4147.02,4084.73,4136.25,4136.25,4186270000
"May 4, 2023",4082.55,4082.61,4048.28,4061.22,4061.22,4920090000
"May 3, 2023",4122.25,4148.3,4088.86,4090.75,4090.75,4246510000
"May 2, 2023",4164.1,4164.1,4089.72,4119.58,4119.58,4486130000
"May 1, 2023",4166.79,4186.92,4164.12,4167.87,4167.87,3321370000
"Apr 28, 2023",4129.63,4170.06,4127.18,4169.48,4169.48,4087800000
"Apr 27, 2023",4075.29,4138.24,4075.29,4135.35,4135.35,3750550000
"Apr 26, 2023",4087.78,4089.67,4049.35,4055.99,4055.99,3837030000
"Apr 25, 2023",4126.43,4126.43,4071.38,4071.63,4071.63,3978640000
"Apr 24, 2023",4132.07,4142.41,4117.77,4137.04,4137.04,3290940000
"Apr 21, 2023",4132.14,4138.02,4113.86,4133.52,4133.52,3611750000
"Apr 20, 2023",4130.48,4148.57,4114.57,4129.79,4129.79,3772080000
"Apr 19, 2023",4139.33,4162.57,4134.49,4154.52,4154.52,3572560000
"Apr 18, 2023",4164.26,4169.48,4140.36,4154.87,4154.87,3536640000
"Apr 17, 2023",4137.17,4151.72,4123.18,4151.32,4151.32,3611180000
"Apr 14, 2023",4140.11,4163.19,4113.2,4137.64,4137.64,3575690000
"Apr 13, 2023",4100.04,4150.26,4099.4,4146.22,4146.22,3596590000
"Apr 12, 2023",4121.72,4134.37,4086.94,4091.95,4091.95,3633120000
"Apr 11, 2023",4110.29,4124.26,4102.61,4108.94,4108.94,3665830000
"Apr 10, 2023",4085.2,4109.5,4072.55,4109.11,4109.11,3423650000
"Apr 6, 2023",4081.15,4107.32,4069.84,4105.02,4105.02,3486690000
"Apr 5, 2023",4094.5,4099.69,4072.56,4090.38,4090.38,3968020000
"Apr 4, 2023",4128.03,4133.13,4086.87,4100.6,4100.6,4227800000
"Apr 3, 2023",4102.2,4127.66,4098.79,4124.51,4124.51,4234700000
"Mar 31, 2023",4056.18,4110.75,4056.18,4109.31,4109.31,4525120000
"Mar 30, 2023",4046.74,4057.85,4032.1,4050.83,4050.83,3930860000
"Mar 29, 2023",3999.53,4030.59,3999.53,4027.81,4027.81,4145250000
"Mar 28, 2023",3974.13,3979.2,3951.53,3971.27,3971.27,4014600000
"Mar 27, 2023",3982.93,4003.83,3970.49,3977.53,3977.53,4233540000
"Mar 24, 2023",3939.21,3972.74,3909.16,3970.99,3970.99,4583970000
"Mar 23, 2023",3959.21,4007.66,3919.05,3948.72,3948.72,4991600000
"Mar 22, 2023",4002.04,4039.49,3936.17,3936.97,3936.97,4533010000
"Mar 21, 2023",3975.89,4009.08,3971.19,4002.87,4002.87,4920240000
"Mar 20, 2023",3917.47,3956.62,3916.89,3951.57,3951.57,5347140000
"Mar 17, 2023",3958.69,3958.91,3901.27,3916.64,3916.64,9354280000
"Mar 16, 2023",3878.93,3964.46,3864.11,3960.28,3960.28,5695790000
"Mar 15, 2023",3876.74,3894.26,3838.24,3891.93,3891.93,6594010000
"Mar 14, 2023",3894.01,3937.29,3873.63,3919.29,3919.29,5665870000
"Mar 13, 2023",3835.12,3905.05,3808.86,3855.76,3855.76,6558020000
"Mar 10, 2023",3912.77,3934.05,3846.32,3861.59,3861.59,5518190000
"Mar 9, 2023",3998.66,4017.81,3908.7,3918.32,3918.32,4445260000
"Mar 8, 2023",3987.55,4000.41,3969.76,3992.01,3992.01,3535570000
"Mar 7, 2023",4048.26,4050.0,3980.31,3986.37,3986.37,3922500000
"Mar 6, 2023",4055.15,4078.49,4044.61,4048.42,4048.42,4000870000
"Mar 3, 2023",3998.02,4048.29,3995.17,4045.64,4045.64,4084730000
"Mar 2, 2023",3938.68,3990.84,3928.16,3981.35,3981.35,4244900000
"Mar 1, 2023",3963.34,3971.73,3939.05,3951.39,3951.39,4249480000
"Feb 28, 2023",3977.19,3997.5,3968.98,3970.15,3970.15,5043400000
"Feb 27, 2023",3992.36,4018.05,3973.55,3982.24,3982.24,3836950000
"Feb 24, 2023",3973.24,3978.25,3943.08,3970.04,3970.04,3877700000
"Feb 23, 2023",4018.6,4028.3,3969.19,4012.32,4012.32,3952940000
"Feb 22, 2023",4001.83,4017.37,3976.9,3991.05,3991.05,4079320000
"Feb 21, 2023",4052.35,4052.35,3995.19,3997.34,3997.34,4121590000
"Feb 17, 2023",4077.39,4081.51,4047.95,4079.09,4079.09,4045480000
"Feb 16, 2023",4114.75,4136.54,4089.49,4090.41,4090.41,4143660000
"Feb 15, 2023",4119.5,4148.11,4103.98,4147.6,4147.6,4075980000
"Feb 14, 2023",4126.7,4159.77,4095.01,4136.13,4136.13,3929200000
"Feb 13, 2023",4096.62,4138.9,4092.67,4137.29,4137.29,3448620000
"Feb 10, 2023",4068.92,4094.36,4060.79,4090.46,4090.46,3891520000
"Feb 9, 2023",4144.25,4156.23,4069.67,4081.5,4081.5,4270200000
"Feb 8, 2023",4153.47,4156.85,4111.67,4117.86,4117.86,4029820000
"Feb 7, 2023",4105.35,4176.54,4088.39,4164.0,4164.0,4355860000
"Feb 6, 2023",4119.57,4124.63,4093.38,4111.08,4111.08,4114240000
"Feb 3, 2023",4136.69,4182.36,4123.36,4136.48,4136.48,4694510000
"Feb 2, 2023",4158.68,4195.44,4141.88,4179.76,4179.76,5624360000
"Feb 1, 2023",4070.07,4148.95,4037.2,4119.21,4119.21,4856930000
"Jan 31, 2023",4020.85,4077.16,4020.44,4076.6,4076.6,4679320000
"Jan 30, 2023",4049.27,4063.85,4015.55,4017.77,4017.77,3802000000
"Jan 27, 2023",4053.72,4094.21,4048.7,4070.56,4070.56,3907760000
"Jan 26, 2023",4036.08,4061.57,4013.29,4060.43,4060.43,3809590000
"Jan 25, 2023",3982.71,4019.55,3949.06,4016.22,4016.22,3724020000
"Jan 24, 2023",4001.74,4023.92,3989.79,4016.95,4016.95,3320430000
"Jan 23, 2023",3978.14,4039.31,3971.64,4019.81,4019.81,3945210000
"Jan 20, 2023",3909.04,3972.96,3897.86,3972.61,3972.61,4013360000
"Jan 19, 2023",3911.84,3922.94,3885.54,3898.85,3898.85,3991500000
"Jan 18, 2023",4002.25,4014.16,3926.59,3928.86,3928.86,4298710000
"Jan 17, 2023",3999.28,4015.39,3984.57,3990.97,3990.97,4235560000
"Jan 13, 2023",3960.6,4003.95,3947.67,3999.09,3999.09,3939700000
"Jan 12, 2023",3977.57,3997.76,3937.56,3983.17,3983.17,4440260000
"Jan 11, 2023",3932.35,3970.07,3928.54,3969.61,3969.61,4303360000
"Jan 10, 2023",3888.57,3919.83,3877.29,3919.25,3919.25,3851030000
"Jan 9, 2023",3910.82,3950.57,3890.42,3892.09,3892.09,4311770000
"Jan 6, 2023",3823.37,3906.19,3809.56,3895.08,3895.08,3923560000
"Jan 5, 2023",3839.74,3839.74,3802.42,3808.1,3808.1,3893450000
"Jan 4, 2023",3840.36,3873.16,3815.77,3852.97,3852.97,4414080000
"Jan 3, 2023",3853.29,3878.46,3794.33,3824.14,3824.14,3959140000
"Dec 30, 2022",3829.06,3839.85,3800.34,3839.5,3839.5,2979870000
"Dec 29, 2022",3805.45,3858.19,3805.45,3849.28,3849.28,3003680000
"Dec 28, 2022",3829.56,3848.32,3780.78,3783.22,3783.22,3083520000
"Dec 27, 2022",3843.34,3846.65,3813.22,3829.25,3829.25,3030300000
"Dec 23, 2022",3815.11,3845.8,3797.01,3844.82,3844.82,2819280000
"Dec 22, 2022",3853.26,3853.26,3764.49,3822.39,3822.39,3956950000
"Dec 21, 2022",3839.49,3889.82,3839.49,3878.44,3878.44,3775200000
"Dec 20, 2022",3810.47,3838.24,3795.62,3821.62,3821.62,3985370000
"Dec 19, 2022",3853.79,3854.86,3800.04,3817.66,3817.66,3969610000
"Dec 16, 2022",3890.91,3890.91,3827.91,3852.36,3852.36,7493660000
"Dec 15, 2022",3958.37,3958.37,3879.45,3895.75,3895.75,4493900000
"Dec 14, 2022",4015.54,4053.76,3965.65,3995.32,3995.32,4472340000
"Dec 13, 2022",4069.38,4100.96,3993.03,4019.65,4019.65,5079360000
"Dec 12, 2022",3939.29,3990.71,3935.3,3990.56,3990.56,3904130000
"Dec 9, 2022",3954.17,3977.02,3933.04,3934.38,3934.38,3888260000
"Dec 8, 2022",3947.79,3974.19,3935.83,3963.51,3963.51,4006900000
"Dec 7, 2022",3933.28,3957.57,3922.68,3933.92,3933.92,4118050000
"Dec 6, 2022",3996.63,4001.51,3918.39,3941.26,3941.26,4368380000
"Dec 5, 2022",4052.02,4052.45,3984.49,3998.84,3998.84,4280820000
"Dec 2, 2022",4040.17,4080.48,4026.63,4071.7,4071.7,4012620000
"Dec 1, 2022",4087.14,4100.51,4050.87,4076.57,4076.57,4527130000
"Nov 30, 2022",3957.18,4080.11,3938.58,4080.11,4080.11,6579360000
"Nov 29, 2022",3964.19,3976.77,3937.65,3957.63,3957.63,3546040000
"Nov 28, 2022",4005.36,4012.27,3955.77,3963.94,3963.94,3615430000
"Nov 25, 2022",4023.34,4034.02,4020.76,4026.12,4026.12,1706460000
"Nov 23, 2022",4000.3,4033.78,3998.66,4027.26,4027.26,3279720000
"Nov 22, 2022",3965.51,4005.88,3956.88,4003.58,4003.58,3887990000
"Nov 21, 2022",3956.23,3962.0,3933.34,3949.94,3949.94,3850690000
"Nov 18, 2022",3966.39,3979.89,3935.98,3965.34,3965.34,4037360000
"Nov 17, 2022",3919.26,3954.33,3906.54,3946.56,3946.56,4051780000
"Nov 16, 2022",3976.82,3983.09,3954.34,3958.79,3958.79,4165320000
"Nov 15, 2022",4006.41,4028.84,3953.17,3991.73,3991.73,5015310000
"Nov 14, 2022",3977.97,4008.97,3956.4,3957.25,3957.25,4561930000
"Nov 11, 2022",3963.72,4001.48,3944.82,3992.93,3992.93,5593310000
"Nov 10, 2022",3859.89,3958.33,3859.89,3956.37,3956.37,5781260000
"Nov 9, 2022",3810.94,3818.2,3744.22,3748.57,3748.57,4645010000
"Nov 8, 2022",3817.02,3859.4,3786.28,3828.11,3828.11,4607640000
"Nov 7, 2022",3780.71,3813.95,3764.7,3806.8,3806.8,4341620000
"Nov 4, 2022",3766.98,3796.34,3708.84,3770.55,3770.55,5400180000
"Nov 3, 2022",3733.25,3750.59,3698.15,3719.89,3719.89,4625290000
"Nov 2, 2022",3852.9,3894.44,3758.68,3759.69,3759.69,4899000000
"Nov 1, 2022",3901.79,3911.79,3843.8,3856.1,3856.1,4481210000
"Oct 31, 2022",3881.85,3893.73,3863.18,3871.98,3871.98,4820620000
"Oct 28, 2022",3808.26,3905.42,3808.26,3901.06,3901.06,4459410000
"Oct 27, 2022",3834.69,3859.95,3803.79,3807.3,3807.3,4687320000
"Oct 26, 2022",3825.97,3886.15,3824.07,3830.6,3830.6,4817310000
"Oct 25, 2022",3799.44,3862.85,3799.44,3859.11,3859.11,4843120000
"Oct 24, 2022",3762.01,3810.74,3741.65,3797.34,3797.34,4747930000
"Oct 21, 2022",3657.1,3757.89,3647.42,3752.75,3752.75,5078020000
"Oct 20, 2022",3689.05,3736.0,3656.44,3665.78,3665.78,4496620000
"Oct 19, 2022",3703.11,3728.58,3666.51,3695.16,3695.16,4223800000
"Oct 18, 2022",3746.26,3762.79,3686.53,3719.98,3719.98,4483740000
"Oct 17, 2022",3638.65,3689.73,3638.65,3677.95,3677.95,4352780000
"Oct 14, 2022",3690.41,3712.0,3579.68,3583.07,3583.07,4243030000
"Oct 13, 2022",3520.37,3685.41,3491.58,3669.91,3669.91,5021680000
"Oct 12, 2022",3590.83,3608.34,3573.86,3577.03,3577.03,4006830000
"Oct 11, 2022",3595.86,3640.66,3568.45,3588.84,3588.84,4759030000
"Oct 10, 2022",3647.51,3652.17,3588.1,3612.39,3612.39,3834320000
"Oct 7, 2022",3706.74,3706.74,3620.73,3639.66,3639.66,4449660000
"Oct 6, 2022",3771.97,3797.93,3739.22,3744.52,3744.52,4252100000
"Oct 5, 2022",3753.25,3806.91,3722.66,3783.28,3783.28,4293180000
"Oct 4, 2022",3726.46,3791.92,3726.46,3790.93,3790.93,5146580000
"Oct 3, 2022",3609.78,3698.35,3604.93,3678.43,3678.43,4806680000
"Sep 30, 2022",3633.48,3671.44,3584.13,3585.62,3585.62,5645360000
"Sep 29, 2022",3687.01,3687.01,3610.4,3640.47,3640.47,4681810000
"Sep 28, 2022",3651.94,3736.74,3640.61,3719.04,3719.04,4684850000
"Sep 27, 2022",3686.44,3717.53,3623.29,3647.29,3647.29,4577740000
"Sep 26, 2022",3682.72,3715.67,3644.76,3655.04,3655.04,4886140000
"Sep 23, 2022",3727.14,3727.14,3647.47,3693.23,3693.23,5144270000
"Sep 22, 2022",3782.36,3790.9,3749.45,3757.99,3757.99,4284600000
"Sep 21, 2022",3871.4,3907.07,3789.49,3789.93,3789.93,4078330000
"Sep 20, 2022",3875.23,3876.01,3827.54,3855.93,3855.93,4058050000
"Sep 19, 2022",3849.91,3900.45,3838.5,3899.89,3899.89,3766850000
"Sep 16, 2022",3880.95,3880.95,3837.08,3873.33,3873.33,7954650000
"Sep 15, 2022",3932.41,3959.14,3888.28,3901.35,3901.35,4441830000
"Sep 14, 2022",3940.73,3961.94,3912.18,3946.01,3946.01,4293240000
"Sep 13, 2022",4037.12,4037.12,3921.28,3932.69,3932.69,4224550000
"Sep 12, 2022",4083.67,4119.28,4083.67,4110.41,4110.41,3814200000
"Sep 9, 2022",4022.94,4076.81,4022.94,4067.36,4067.36,3901940000
"Sep 8, 2022",3959.94,4010.5,3944.81,4006.18,4006.18,3966850000
"Sep 7, 2022",3909.43,3987.89,3906.03,3979.87,3979.87,3890320000
"Sep 6, 2022",3930.89,3942.55,3886.75,3908.19,3908.19,4127340000
"Sep 2, 2022",3994.66,4018.43,3906.21,3924.26,3924.26,3665850000
"Sep 1, 2022",3936.73,3970.23,3903.65,3966.85,3966.85,4152250000
"Aug 31, 2022",4000.67,4015.37,3954.53,3955.0,3955.0,4542490000
"Aug 30, 2022",4041.25,4044.98,3965.21,3986.16,3986.16,3835860000
"Aug 29, 2022",4034.58,4062.99,4017.42,4030.61,4030.61,3396510000
"Aug 26, 2022",4198.74,4203.04,4057.66,4057.66,4057.66,3832750000
"Aug 25, 2022",4153.26,4200.54,4147.59,4199.12,4199.12,3566870000
"Aug 24, 2022",4126.55,4156.56,4119.97,4140.77,4140.77,3583630000
"Aug 23, 2022",4133.09,4159.77,4124.03,4128.73,4128.73,3823520000
"Aug 22, 2022",4195.08,4195.08,4129.86,4137.99,4137.99,3907430000
"Aug 19, 2022",4266.31,4266.31,4218.7,4228.48,4228.48,3761340000
"Aug 18, 2022",4273.13,4292.53,4261.98,4283.74,4283.74,3340330000
"Aug 17, 2022",4280.4,4302.18,4253.08,4274.04,4274.04,3885030000
"Aug 16, 2022",4290.46,4325.28,4277.77,4305.2,4305.2,4329820000
"Aug 15, 2022",4269.37,4301.79,4256.9,4297.14,4297.14,3696830000
"Aug 12, 2022",4225.02,4280.47,4219.78,4280.15,4280.15,3788010000
"Aug 11, 2022",4227.4,4257.91,4201.41,4207.27,4207.27,4630200000
"Aug 10, 2022",4181.02,4211.03,4177.26,4210.24,4210.24,4546010000
"Aug 9, 2022",4133.11,4137.3,4112.09,4122.47,4122.47,3913090000
"Aug 8, 2022",4155.93,4186.62,4128.97,4140.06,4140.06,4221090000
"Aug 5, 2022",4115.87,4151.58,4107.31,4145.19,4145.19,4085940000
"Aug 4, 2022",4154.85,4161.29,4135.42,4151.94,4151.94,4283320000
"Aug 3, 2022",4107.96,4167.66,4107.96,4155.17,4155.17,4351760000
"Aug 2, 2022",4104.21,4140.47,4079.81,4091.19,4091.19,4727710000
"Aug 1, 2022",4112.38,4144.95,4096.02,4118.63,4118.63,4202810000
"Jul 29, 2022",4087.33,4140.15,4079.22,4130.29,4130.29,4616360000
"Jul 28, 2022",4026.13,4078.95,3992.97,4072.43,4072.43,4413000000
"Jul 27, 2022",3951.43,4039.56,3951.43,4023.61,4023.61,4112180000
"Jul 26, 2022",3953.22,3953.22,3910.74,3921.05,3921.05,3778950000
"Jul 25, 2022",3965.72,3975.3,3943.46,3966.84,3966.84,3568340000
"Jul 22, 2022",3998.43,4012.44,3938.86,3961.63,3961.63,3979240000
"Jul 21, 2022",3955.47,3999.29,3927.64,3998.95,3998.95,4132790000
"Jul 20, 2022",3935.32,3974.13,3922.03,3959.9,3959.9,4185300000
"Jul 19, 2022",3860.73,3939.81,3860.73,3936.69,3936.69,4041070000
"Jul 18, 2022",3883.79,3902.44,3818.63,3830.85,3830.85,4046870000
"Jul 15, 2022",3818.0,3863.62,3817.18,3863.16,3863.16,4143800000
"Jul 14, 2022",3763.99,3796.41,3721.56,3790.38,3790.38,4199690000
"Jul 13, 2022",3779.67,3829.44,3759.07,3801.78,3801.78,4109390000
"Jul 12, 2022",3851.95,3873.41,3802.36,3818.8,3818.8,3817210000
"Jul 11, 2022",3880.94,3880.94,3847.22,3854.43,3854.43,3423480000
"Jul 8, 2022",3888.26,3918.5,3869.34,3899.38,3899.38,3521620000
"Jul 7, 2022",3858.85,3910.63,3858.85,3902.62,3902.62,4057770000
"Jul 6, 2022",3831.98,3870.91,3809.37,3845.08,3845.08,4417720000
"Jul 5, 2022",3792.61,3832.19,3742.06,3831.39,3831.39,5076590000
"Jul 1, 2022",3781.0,3829.82,3752.1,3825.33,3825.33,4046950000
"Jun 30, 2022",3785.99,3818.99,3738.67,3785.38,3785.38,4840070000
"Jun 29, 2022",3825.09,3836.5,3799.02,3818.83,3818.83,4211240000
"Jun 28, 2022",3913.0,3945.86,3820.14,3821.55,3821.55,4270120000
"Jun 27, 2022",3920.76,3927.72,3889.66,3900.11,3900.11,4325310000
"Jun 24, 2022",3821.75,3913.65,3821.75,3911.74,3911.74,8120260000
"Jun 23, 2022",3774.71,3802.58,3743.52,3795.73,3795.73,5098640000
"Jun 22, 2022",3733.89,3801.79,3717.69,3759.89,3759.89,5058990000
"Jun 21, 2022",3715.31,3779.65,3715.31,3764.79,3764.79,5292260000
"Jun 17, 2022",3665.9,3707.71,3636.87,3674.84,3674.84,8520740000
"Jun 16, 2022",3728.18,3728.18,3639.77,3666.77,3666.77,5644930000
"Jun 15, 2022",3764.05,3837.56,3722.3,3789.99,3789.99,5530480000
"Jun 14, 2022",3763.52,3778.18,3705.68,3735.48,3735.48,5153890000
"Jun 13, 2022",3838.15,3838.15,3734.3,3749.63,3749.63,5636890000
"Jun 10, 2022",3974.39,3974.39,3900.16,3900.86,3900.86,4889640000
"Jun 9, 2022",4101.65,4119.1,4017.17,4017.82,4017.82,4134170000
"Jun 8, 2022",4147.12,4160.14,4107.2,4115.77,4115.77,4159470000
"Jun 7, 2022",4096.47,4164.86,4080.19,4160.68,4160.68,4248210000
"Jun 6, 2022",4134.72,4168.78,4109.18,4121.43,4121.43,4332700000
"Jun 3, 2022",4137.57,4142.67,4098.67,4108.54,4108.54,3711110000
"Jun 2, 2022",4095.41,4177.51,4074.37,4176.82,4176.82,4405790000
"Jun 1, 2022",4149.78,4166.54,4073.85,4101.23,4101.23,4531800000
"May 31, 2022",4151.09,4168.34,4104.88,4132.15,4132.15,6822640000
"May 27, 2022",4077.43,4158.49,4077.43,4158.24,4158.24,4375620000
"May 26, 2022",3984.6,4075.14,3984.6,4057.84,4057.84,4709970000
"May 25, 2022",3929.59,3999.33,3925.03,3978.73,3978.73,4802560000
"May 24, 2022",3942.94,3955.68,3875.13,3941.48,3941.48,4923190000
"May 23, 2022",3919.42,3981.88,3909.04,3973.75,3973.75,4420030000
"May 20, 2022",3927.76,3943.42,3810.32,3901.36,3901.36,5130730000
"May 19, 2022",3899.0,3945.96,3876.58,3900.79,3900.79,5113550000
"May 18, 2022",4051.98,4051.98,3911.91,3923.68,3923.68,5103220000
"May 17, 2022",4052.0,4090.72,4033.93,4088.85,4088.85,4841410000
"May 16, 2022",4013.02,4046.46,3983.99,4008.01,4008.01,4415030000
"May 13, 2022",3963.9,4038.88,3963.9,4023.89,4023.89,5183340000
"May 12, 2022",3903.95,3964.8,3858.87,3930.08,3930.08,6286450000
"May 11, 2022",3990.08,4049.09,3928.82,3935.18,3935.18,5816140000
"May 10, 2022",4035.18,4068.82,3958.17,4001.05,4001.05,5885820000
"May 9, 2022",4081.27,4081.27,3975.48,3991.24,3991.24,5954520000
"May 6, 2022",4128.17,4157.69,4067.91,4123.34,4123.34,5116940000
"May 5, 2022",4270.43,4270.43,4106.01,4146.87,4146.87,5077030000
"May 4, 2022",4181.18,4307.66,4148.91,4300.17,4300.17,5136360000
"May 3, 2022",4159.78,4200.1,4147.08,4175.48,4175.48,4582050000
"May 2, 2022",4130.61,4169.81,4062.51,4155.38,4155.38,5163790000
"Apr 29, 2022",4253.75,4269.68,4124.28,4131.93,4131.93,5084030000
"Apr 28, 2022",4222.58,4308.45,4188.63,4287.5,4287.5,4854180000
"Apr 27, 2022",4186.52,4240.71,4162.9,4183.96,4183.96,4769680000
"Apr 26, 2022",4278.14,4278.14,4175.04,4175.2,4175.2,4689970000
"Apr 25, 2022",4255.34,4299.02,4200.82,4296.12,4296.12,5240040000
"Apr 22, 2022",4385.83,4385.83,4267.62,4271.78,4271.78,4651940000
"Apr 21, 2022",4489.17,4512.94,4384.47,4393.66,4393.66,4636890000
"Apr 20, 2022",4472.26,4488.29,4448.76,4459.45,4459.45,4290450000
"Apr 19, 2022",4390.63,4471.03,4390.63,4462.21,4462.21,4108120000
"Apr 18, 2022",4385.63,4410.31,4370.3,4391.69,4391.69,3910490000
"Apr 14, 2022",4449.12,4460.46,4390.77,4392.59,4392.59,4083090000
"Apr 13, 2022",4394.3,4453.92,4392.7,4446.59,4446.59,3828150000
"Apr 12, 2022",4437.59,4471.0,4381.34,4397.45,4397.45,4152090000
"Apr 11, 2022",4462.64,4464.35,4408.38,4412.53,4412.53,4266290000
"Apr 8, 2022",4494.15,4520.41,4474.6,4488.28,4488.28,4083200000
"Apr 7, 2022",4474.65,4521.16,4450.3,4500.21,4500.21,4821490000
"Apr 6, 2022",4494.17,4503.94,4450.04,4481.15,4481.15,4986830000
"Apr 5, 2022",4572.45,4593.45,4514.17,4525.12,4525.12,4800620000
"Apr 4, 2022",4547.97,4583.5,4539.21,4582.64,4582.64,4547350000
"Apr 1, 2022",4540.32,4548.7,4507.57,4545.86,4545.86,4562940000
"Mar 31, 2022",4599.02,4603.07,4530.41,4530.41,4530.41,4823020000
"Mar 30, 2022",4624.2,4627.77,4581.32,4602.45,4602.45,4385570000
"Mar 29, 2022",4602.86,4637.3,4589.66,4631.6,4631.6,5085910000
"Mar 28, 2022",4541.09,4575.65,4517.69,4575.52,4575.52,4312260000
"Mar 25, 2022",4522.91,4546.03,4501.07,4543.06,4543.06,4305020000
"Mar 24, 2022",4469.98,4520.58,4465.17,4520.16,4520.16,4131390000
"Mar 23, 2022",4493.1,4501.07,4455.81,4456.24,4456.24,4550670000
"Mar 22, 2022",4469.1,4522.0,4469.1,4511.61,4511.61,4754840000
"Mar 21, 2022",4462.4,4481.75,4424.3,4461.18,4461.18,4869820000
"Mar 18, 2022",4407.34,4465.4,4390.57,4463.12,4463.12,8278430000
"Mar 17, 2022",4345.11,4412.67,4335.65,4411.67,4411.67,4985090000
"Mar 16, 2022",4288.14,4358.9,4251.99,4357.86,4357.86,6309750000
"Mar 15, 2022",4188.82,4271.05,4187.9,4262.45,4262.45,5392470000
"Mar 14, 2022",4202.75,4247.57,4161.72,4173.11,4173.11,5574920000
"Mar 11, 2022",4279.5,4291.01,4200.49,4204.31,4204.31,4938640000
"Mar 10, 2022",4252.55,4268.28,4209.8,4259.52,4259.52,4980830000
"Mar 9, 2022",4223.1,4299.4,4223.1,4277.88,4277.88,5662670000
"Mar 8, 2022",4202.66,4276.94,4157.87,4170.7,4170.7,7243120000
"Mar 7, 2022",4327.01,4327.01,4199.85,4201.09,4201.09,6940470000
"Mar 4, 2022",4342.12,4342.12,4284.98,4328.87,4328.87,5797380000
"Mar 3, 2022",4401.31,4416.78,4345.56,4363.49,4363.49,5039890000
"Mar 2, 2022",4322.56,4401.48,4322.56,4386.54,4386.54,5337870000
"Mar 1, 2022",4363.14,4378.45,4279.54,4306.26,4306.26,5846230000
"Feb 28, 2022",4354.17,4388.84,4315.12,4373.94,4373.94,6071370000
"Feb 25, 2022",4298.38,4385.34,4286.83,4384.65,4384.65,5177060000
"Feb 24, 2022",4155.77,4294.73,4114.65,4288.7,4288.7,6752130000
"Feb 23, 2022",4324.93,4341.51,4221.51,4225.5,4225.5,4797430000
"Feb 22, 2022",4332.74,4362.12,4267.11,4304.76,4304.76,5121900000
"Feb 18, 2022",4384.57,4394.6,4327.22,4348.87,4348.87,4708060000
"Feb 17, 2022",4456.06,4456.06,4373.81,4380.26,4380.26,4539420000
"Feb 16, 2022",4455.75,4489.55,4429.68,4475.01,4475.01,4283640000
"Feb 15, 2022",4429.28,4472.77,4429.28,4471.07,4471.07,4430830000
"Feb 14, 2022",4412.61,4426.22,4364.84,4401.67,4401.67,4600390000
"Feb 11, 2022",4506.27,4526.33,4401.41,4418.64,4418.64,5251500000
"Feb 10, 2022",4553.24,4588.92,4484.31,4504.08,4504.08,5314860000
"Feb 9, 2022",4547.0,4590.03,4547.0,4587.18,4587.18,4524350000
"Feb 8, 2022",4480.02,4531.32,4465.4,4521.54,4521.54,4459620000
"Feb 7, 2022",4505.75,4521.86,4471.47,4483.87,4483.87,4228480000
"Feb 4, 2022",4482.79,4539.66,4451.5,4500.53,4500.53,4706290000
"Feb 3, 2022",4535.41,4542.88,4470.39,4477.44,4477.44,4401970000
"Feb 2, 2022",4566.39,4595.31,4544.32,4589.38,4589.38,4481580000
"Feb 1, 2022",4519.57,4550.49,4483.53,4546.54,4546.54,4816830000
"Jan 31, 2022",4431.79,4516.89,4414.02,4515.55,4515.55,5098610000
"Jan 28, 2022",4336.19,4432.72,4292.46,4431.85,4431.85,5031090000
"Jan 27, 2022",4380.58,4428.74,4309.5,4326.51,4326.51,5214200000
"Jan 26, 2022",4408.43,4453.23,4304.8,4349.93,4349.93,5570640000
"Jan 25, 2022",4366.64,4411.01,4287.11,4356.45,4356.45,5145050000
"Jan 24, 2022",4356.32,4417.35,4222.62,4410.13,4410.13,6928110000
"Jan 21, 2022",4471.38,4494.52,4395.34,4397.94,4397.94,5589100000
"Jan 20, 2022",4547.35,4602.11,4477.95,4482.73,4482.73,4640870000
"Jan 19, 2022",4588.03,4611.55,4530.2,4532.76,4532.76,4465740000
"Jan 18, 2022",4632.24,4632.24,4568.7,4577.11,4577.11,4748700000
"Jan 14, 2022",4637.99,4665.13,4614.75,4662.85,4662.85,4338490000
"Jan 13, 2022",4733.56,4744.13,4650.29,4659.03,4659.03,4251730000
"Jan 12, 2022",4728.59,4748.83,4706.71,4726.35,4726.35,4048220000
"Jan 11, 2022",4669.14,4714.13,4638.27,4713.07,4713.07,4101590000
"Jan 10, 2022",4655.34,4673.02,4582.24,4670.29,4670.29,4511810000
"Jan 7, 2022",4697.66,4707.95,4662.74,4677.03,4677.03,4181510000
"Jan 6, 2022",4693.39,4725.01,4671.26,4696.05,4696.05,4295280000
"Jan 5, 2022",4787.99,4797.7,4699.44,4700.58,4700.58,4887960000
"Jan 4, 2022",4804.51,4818.62,4774.27,4793.54,4793.54,4683170000
"Jan 3, 2022",4778.14,4796.64,4758.17,4796.56,4796.56,3831020000
"Dec 31, 2021",4775.21,4786.83,4765.75,4766.18,4766.18,2677820000
"Dec 30, 2021",4794.23,4808.93,4775.33,4778.73,4778.73,3124950000
"Dec 29, 2021",4788.64,4804.06,4778.08,4793.06,4793.06,2963310000
"Dec 28, 2021",4795.49,4807.02,4780.04,4786.35,4786.35,2707920000
"Dec 27, 2021",4733.99,4791.49,4733.99,4791.19,4791.19,2770290000
"Dec 23, 2021",4703.96,4740.74,4703.96,4725.79,4725.79,2913040000
"Dec 22, 2021",4650.36,4697.67,4645.53,4696.56,4696.56,3319610000
"Dec 21, 2021",4594.96,4651.14,4583.16,4649.23,4649.23,4072430000
"Dec 20, 2021",4587.9,4587.9,4531.1,4568.02,4568.02,4635700000
"Dec 17, 2021",4652.5,4666.7,4600.22,4620.64,4620.64,7987090000
"Dec 16, 2021",4719.13,4731.99,4651.89,4668.67,4668.67,4829500000
"Dec 15, 2021",4636.46,4712.6,4611.22,4709.85,4709.85,4910130000
"Dec 14, 2021",4642.99,4660.47,4606.52,4634.09,4634.09,4485430000
"Dec 13, 2021",4710.3,4710.3,4667.6,4668.97,4668.97,4397230000
"Dec 10, 2021",4687.64,4713.57,4670.24,4712.02,4712.02,3870110000
"Dec 9, 2021",4691.0,4695.26,4665.98,4667.45,4667.45,3903840000
"Dec 8, 2021",4690.86,4705.06,4674.52,4701.21,4701.21,4234600000
"Dec 7, 2021",4631.97,4694.04,4631.97,4686.75,4686.75,4492400000
"Dec 6, 2021",4548.37,4612.6,4540.51,4591.67,4591.67,4770800000
"Dec 3, 2021",4589.49,4608.03,4495.12,4538.43,4538.43,5240070000
"Dec 2, 2021",4504.73,4595.46,4504.73,4577.1,4577.1,5077180000
"Dec 1, 2021",4602.82,4652.94,4510.27,4513.04,4513.04,5366730000
"Nov 30, 2021",4640.25,4646.02,4560.0,4567.0,4567.0,6625990000
"Nov 29, 2021",4628.75,4672.95,4625.26,4655.27,4655.27,4336410000
"Nov 26, 2021",4664.63,4664.63,4585.43,4594.62,4594.62,3517700000
"Nov 24, 2021",4675.78,4702.87,4659.89,4701.46,4701.46,3418430000
"Nov 23, 2021",4678.48,4699.39,4652.66,4690.7,4690.7,4277590000
"Nov 22, 2021",4712.0,4743.83,4682.17,4682.94,4682.94,4441100000
"Nov 19, 2021",4708.44,4717.75,4694.22,4697.96,4697.96,4253180000
"Nov 18, 2021",4700.72,4708.8,4672.78,4704.54,4704.54,4226410000
"Nov 17, 2021",4701.5,4701.5,4684.41,4688.67,4688.67,3969070000
"Nov 16, 2021",4679.42,4714.95,4679.42,4700.9,4700.9,3972640000
"Nov 15, 2021",4689.3,4697.42,4672.86,4682.8,4682.8,3488410000
"Nov 12, 2021",4655.24,4688.47,4650.77,4682.85,4682.85,3728600000
"Nov 11, 2021",4659.39,4664.55,4648.31,4649.27,4649.27,3926870000
"Nov 10, 2021",4670.26,4684.85,4630.86,4646.71,4646.71,4503720000
"Nov 9, 2021",4707.25,4708.53,4670.87,4685.25,4685.25,4117080000
"Nov 8, 2021",4701.48,4714.92,4694.39,4701.7,4701.7,4269710000
"Nov 5, 2021",4699.26,4718.5,4681.32,4697.53,4697.53,4467180000
"Nov 4, 2021",4662.93,4683.0,4662.59,4680.06,4680.06,4462300000
"Nov 3, 2021",4630.65,4663.46,4621.19,4660.57,4660.57,4319660000
"Nov 2, 2021",4613.34,4635.15,4613.34,4630.65,4630.65,3975250000
"Nov 1, 2021",4610.62,4620.34,4595.06,4613.67,4613.67,3971540000
"Oct 29, 2021",4572.87,4608.08,4567.59,4605.38,4605.38,4510200000
